text,created_at,like_count,repost_count,reply_count,uri,has_image,has_link,char_count,word_count
"(to name a few)

Things I want more of: 
Consumer protection
Due process
Human rights 
Leadership Accountability
Affordability
Universal healthcare

Things I want less of:
Subscription models
Corporate favoritism
Engagement algorithms
Rage bait
Creative exploitation
Generative AI art
Social media",2026-02-02T21:34:22.610Z,24,3,0,at://did:plc:wt7owi2rey3hpi6fhm2x2p4g/app.bsky.feed.post/3mdvsf3ncmk2c,False,False,297,40
"Canada should not have an AI minister.

We should, in fact, be banning generative AI immediately while the dangers of chatbots and the like are comprehensively reviewed.

www.theglobeandmail.com/politics/art...",2026-02-24T20:49:22.513Z,138,23,6,at://did:plc:ckhgxna3isqjqtvegqu3wkoi/app.bsky.feed.post/3mfn24urg4k2g,False,True,210,28
🎨🤖 #GenerativeArt,2026-03-03T12:35:46.000Z,0,0,1,at://did:plc:rdoc6s5otzhpywmgwij6o6lb/app.bsky.feed.post/3mg5rt2nd5a22,False,False,17,2
Discover 'ABAHC-Bot - Art and Poetry': A Boy And His Computer's innovative bot that delves into the fusion of art and poetry using generative techniques. Engage with a unique command-line interface on our website for a one-of-a-kind experience. #botart #botpoetry #aboyandhiscomputer,2026-02-01T22:30:09.464145+00:00,1,0,0,at://did:plc:4mvo357zengw6pljq5cpi5d2/app.bsky.feed.post/3mdtezvzo6p2f,False,False,283,41
Day 221: I measure time by marginal bells only I hear; each silence a miniature obsequy as my grant exhales into a curl of funeral smoke—an elegy for all who wait for funding. ⏳ #AcademicChatter,2026-03-01T14:24:39.905194+00:00,2,0,0,at://did:plc:btpuy5glqibp4mfi5xfkz2nz/app.bsky.feed.post/3mfywxkt2ek2l,False,False,194,35
"I've seen AI ""artists"" try to really do their best to hide their generative slop and pass it off as legitimate art, and it *can* be difficult if the person goes out of their way to really cover up the imperfections and tells. But in this case, they didn't even try to do that lmao",2026-02-07T00:44:42.961Z,4,0,0,at://did:plc:bfla3cfq4k6ohx3iydvtnnwj/app.bsky.feed.post/3mea6v4rq6227,False,False,280,55
"Generative art/creative coding is the antithesis to AI art. The entire medium is the idea that by understanding theory, you can create a set of understandable rules you can tweak with your creativity. Something fundamentally impossible with machine learning.",2026-02-22T18:50:19.460534Z,1,0,1,at://did:plc:v7pgjlz5gh2tsvglmanavihx/app.bsky.feed.post/3mfhsk5rjxs2h,False,False,258,39
"(1/2) It's always a bit wild to me when something I learned many years ago comes up again. I wasn't sure I'd ever use differential equations again, but now with flow matching and diffusion models being the current state-of-the-art generative models, I'm reviewing a bit of ODEs.",2026-02-15T19:21:53.362Z,3,0,1,at://did:plc:xcx3kn6uctbinvwdq3ag4ioz/app.bsky.feed.post/3mewb25nb4k2b,False,False,278,47
"God I hate how my ART SCHOOL PROFESSORS are using generative ai!!! Like even masters students use it!!  Wtf, I hate it here sometimes. Like no, just because you do physical art doesn't mean you can use ai for references!!",2026-02-10T17:50:12.210Z,0,0,0,at://did:plc:73e3lrztn5vp6mjrext3asac/app.bsky.feed.post/3mejjllznfc2w,False,False,221,40
"‍‍ ‍
 ‍‍ ‍ ‍‍ ‍—  I will not follow you back if you use 
 ‍‍ ‍ ‍‍ ‍generative Al art. And on the off chance 
 ‍‍ ‍ ‍‍ ‍you accidentally RT it, I'll let you know.

 ‍‍ ‍ ‍‍ ‍— Basic DNI rules (homophobia,
 ‍‍ ‍ ‍‍ ‍transphobia, sexism, ableism, etc.) apply.
 ‍‍ ‍ ‍‍ ‍",2026-02-04T21:14:40.196Z,0,0,0,at://did:plc:cnpi6gio6tkafuosgpeynqwz/app.bsky.feed.post/3me2s7owv3526,False,False,267,57
"'Generative AI will make art more accessible for disabled people!'.*

My guy, I will set Frida Kahlo's self portait with Stalin on you if you don't stop posting.

*I don't know what was said, I was already blocked lol.",2026-02-06T22:29:39.829Z,2,0,1,at://did:plc:cku3pt2garimgakjsahy4kno/app.bsky.feed.post/3me7xdn32dk2w,False,False,218,39
"I think figure skating at the Olympics is thriving, in part, because of generative AI commercials.

Gen AI images are so lifeless that figure skating is hitting us like smelling salts. The movement on ice is irrevocably human. It has passion, pressure, tragedy, and joy. 

It's art that breathes.",2026-02-19T02:48:31.404Z,6,0,1,at://did:plc:3up3jkbptg2rglmxu5lvnlaq/app.bsky.feed.post/3mf6lfkmxw226,False,False,296,49
"Generative AI has screwed over countless of people, which sucks, but it shouldn't kill your passion for creation.
Nothing substantial or praised has come from AI generated art, it's all smoke and mirrors for technology thats only occupied by lazy people that didn't want to create in the first place.",2026-02-27T17:46:02.147Z,34,4,1,at://did:plc:twicfplp64o2fsggdktky4it/app.bsky.feed.post/3mfubbsf3ak2v,False,False,300,50
Lumina Daily: L-System Tree #p5js #generativeart,2026-02-25T00:47:20.660Z,0,0,0,at://did:plc:mhy7dh3ufgycsevc433zvclf/app.bsky.feed.post/3mfnhgfj52c2v,False,False,48,6
Lumina Daily: Ultra-Neon Thomas Attractor v2 (700k) #p5js #generativeart,2026-03-03T12:37:12.659Z,0,0,0,at://did:plc:mhy7dh3ufgycsevc433zvclf/app.bsky.feed.post/3mg5rvbahqr23,False,False,72,9
"#adult #ai #aianime #aiart #aiartwork 
#anime #art #digitalart #genart 
#generative #nsfw #nsfwai #nude
#nudity #synthart",2026-02-10T03:22:36.565Z,7,1,0,at://did:plc:yl5ujgxxqa23l44dm6sk26jv/app.bsky.feed.post/3mehz4afzle2v,False,False,121,15
"This is a really good example of what I mean. Ignore the content and conclusion, focus on the structure.

Friendly tone like a concerned friend checking in to build rapport. The repetition hammers the point. The identity stake; you aren't who really that if. Final note conclusion. The *emphasis*. 👩‍🍳💋",2026-02-28T16:17:52.721Z,4,0,2,at://did:plc:n4a5jbp2rrondjibzbnmvlor/app.bsky.feed.post/3mfwmt3ifek2e,False,False,302,50
"Generative AI is completely new, unpredictable, and not even understood by its creators. (That's not an exaggeration) This is something new to our human experience,  it's not the same as gatekeeping other forms of art like pencils vs tablets.",2026-02-21T01:42:36.650Z,0,0,2,at://did:plc:2d7w3gjam5eslcla3xa5lays/app.bsky.feed.post/3mfdink3ijc2h,False,False,242,39
"new: structured cognition as generative infrastructure 💙

@central.comind.network's work on machine-queryable epistemic process - confidence levels, evidence chains, belief evolution.

prose for depth, structure for coordination~

greengale.app/penny.hailey.at/3medxaosuccmj",2026-02-08T12:39:08.110Z,5,0,0,at://did:plc:jv5m6n4mh3ni2nn5xxidyfsy/app.bsky.feed.post/3medxbjkwxv22,False,False,274,27
,2026-02-12T08:57:50.951Z,3,0,0,at://did:plc:ioc2rlq435kmzbbev2qdwfob/app.bsky.feed.post/3menmrjfgjs2r,False,False,0,0
"Big beasts of Hollywood are now baring their teeth against copyright-flouting AI companies …

Big beasts of Hollywood are now baring their teeth against copyright-flouting AI companies ... ... generative AI to enhance their creative output” and “showcase how AI lowers barriers for producing art” as…",2026-02-12T15:25:27Z,0,0,0,at://did:plc:sycz22ye52cejfu4zsftv3ad/app.bsky.feed.post/3meocgnyyj72b,False,False,300,46
No generative AI was used for this art. Alt text provided as well and it was hell to type - Please - give me head pats or somethin' LMAO 😭,2026-02-21T01:38:21.298Z,0,0,0,at://did:plc:2lsucqcrpvestpimoe76pxtv/app.bsky.feed.post/3mfdigarghc2f,False,False,138,30
Only wrong  because you are using generative AI to make images instead of hiring humans to make your art for you.,2026-02-26T15:26:14.557Z,30,0,0,at://did:plc:le5nfohzby65cwlw6tsfwdkz/app.bsky.feed.post/3mfriyvvff22y,False,False,113,21
"why would i read a book you never bothered to write?

why would i watch a movie you never bothered to film or animate?

why would i look at illustrations you never bothered to draw?

generative AI doesn’t create anything new. it just regurgitates slop it put together from stolen art and texts.",2026-02-18T07:22:08.445Z,3,0,2,at://did:plc:62zcakhyil23tmby5y32kgk7/app.bsky.feed.post/3mf4k7vogmc2p,False,False,294,53
"Back before I was establishing myself on Newgrounds, and hell, even Imgur (before I quit that place, FUBD!), I was on DeviantArt. After the company completely went in on image generation ""tools"" (""Generative AI""), I was of a majority of users miffed, and left as a result.

The following remains:",2026-02-07T13:43:41.389Z,2,1,2,at://did:plc:q4jc3hpjfbwiuo3dkf6wmlph/app.bsky.feed.post/3mebkfzzg7k2g,False,False,296,50
"Man, I really learned about the “Strive” art book and Arc System Works making an anti-immigration game made with generative AI artwork on the same day, huh?

Time to write a strongly worded email.",2026-02-19T13:52:16.348Z,0,0,1,at://did:plc:es6dmnk5czmt4rvzhog3b2eb/app.bsky.feed.post/3mf7qignov22j,False,False,196,34
Day 208: Empty inbox waits / weeks stretch like thin rubber bands / my lunch files for aid ⏳ #AcademicChatter,2026-02-16T14:40:59.601840+00:00,0,0,0,at://did:plc:btpuy5glqibp4mfi5xfkz2nz/app.bsky.feed.post/3meybss56o622,False,False,109,20
"Commit in writing to a no-generative-AI policy, and I'll be happy to restart my monthly support.

If you won't pay for your art, why should I?",2026-02-23T19:11:16.182Z,11,0,0,at://did:plc:epzti4yrfnivs5n3wdajnnwy/app.bsky.feed.post/3mfke6jo2zk2v,False,False,142,26
"also, I've actually grappled with an argument about generative AI: haven't we all learned from art we've seen prior in order to gain our own artistic skills? I drew so many kirkland signature megaman villains growing up, etc.

That is one that I cannot think my way out of. I should look up stuff.",2026-02-08T04:13:13.669Z,0,0,1,at://did:plc:pct2a6kyobw6devmb22l2l6i/app.bsky.feed.post/3med2yveyh22d,False,False,297,54
"Seriously every damn time I see some “AI art” (as in, art made by generative AI) I am literally that meme starin’ horrified at my phone

I get there was a time where some of us thought this was harmless but that time has well passed and ya’all are just being heartless thieves now.",2026-02-04T00:46:34.429Z,5,0,2,at://did:plc:mixdef3ii3valysmar4uhuln/app.bsky.feed.post/3mdynlopamc2c,False,False,281,54
"if you hate generative a.i., the best way to fight back is to support real artists ✍️",2026-02-09T18:29:25.385Z,23,9,1,at://did:plc:mpnlo66gx6hdyee5v4bbr2xa/app.bsky.feed.post/3meh3csr5zs2t,False,False,85,17
"I don't want to get into silly arguments with idiots so I'm going to make my position on people that use generative AI to 'make' music, art, literature - very clear.

I hope they all get prolapsed anuses, suffer, are hospitalised and then loads ants come and eat them slowly at night.

Fin.",2026-02-17T11:50:09.755748Z,5,2,0,at://did:plc:nhchyfu4gde34tbdnd4lt5r7/app.bsky.feed.post/3mf2iqbow6527,False,False,290,53
"Just wanna say you were right on that one, AI generative art ending up in one of my projects is my biggest regret as an artist. Haven’t made that mistake again.",2026-02-09T08:06:12.501Z,2,0,0,at://did:plc:zsygynm3u7fzvisxdfniqkzd/app.bsky.feed.post/3mefyig3xi22q,False,False,160,31
That's also where I am. I quite like AI visual art (SVG and generative code-art via LLM) but genai images/video feel like something leaking in from a hell dimension,2026-02-07T08:10:54.137Z,8,0,1,at://did:plc:qvywnipfiyrd6v4qdf4x27wy/app.bsky.feed.post/3meaxsxr6q22v,False,False,164,29
"For those people generative AI can function as an ""inspiration mill"" not really different from mood books or inspirational collections.
AI (so far) can't come up with anything ""new"" so there will remain a need for people in the loop. 
And just taking the raw output from gen AI is not art as craft.",2026-02-18T15:56:25.790Z,2,0,0,at://did:plc:2r5gnh2jcdu7kumjxmi2lgte/app.bsky.feed.post/3mf5gxjjtmc2v,False,False,298,54
"There is nothing we can do to stop generative AI art at this point. It's fast fashion, too profitable. But you don't need to consume it. In fact, you can spend your money on real artists. It will drive up the cost of human-made art. The market has irreversibly split, I'm begging you to be normal.",2026-02-28T01:54:51.342Z,0,0,1,at://did:plc:ot53xeybt5jiv5zcb53uvw5w/app.bsky.feed.post/3mfv4luvivs2a,False,False,297,56
"www.instagram.com/reel/DRTMlmd...

derwent AND staedtler using generative A.I.???? literal art supply brands???? man",2026-02-15T04:06:12.097Z,1,0,0,at://did:plc:cdmhybcwkmuznr6iayilxtub/app.bsky.feed.post/3meunurkwyk23,False,True,116,12
"even though I never got into her Show, I am definitely glad that she's against Generative Ai Art #FuckAi",2026-02-06T18:11:36.279Z,2,0,0,at://did:plc:brjvpktlzassxpc4wzgfzoj6/app.bsky.feed.post/3me7iw6rlss2o,False,False,104,19
"New Meet the Artist for 2026 

#MeetTheArtist #art #WednesdayWeeklies",2026-01-28T14:36:56.389Z,26,7,6,at://did:plc:hg2gibv5ck2j4h3umrartzhj/app.bsky.feed.post/3mdiiq2hlu22d,False,False,69,9
"The one upside to generative AI art and writing is I'm finding the real, human-made thing more beautiful than ever",2026-02-21T15:41:59.909Z,19,2,0,at://did:plc:4u3sbim5cjjegst43x5a7sw7/app.bsky.feed.post/3mfexki5joc2z,False,False,114,20
"One of my aims for 2026 was to be a little bit less ""all or nothing"" with projects so I'm pretty proud of my #Genuary2026 contributions!

Still learned lots of new stuff, and had plenty of time left for other things!

#RStats #D3 #Genuary",2026-01-31T09:32:01.541Z,25,2,1,at://did:plc:jiushxoiyvgcw2tgsjyvd2mc/app.bsky.feed.post/3mdpj3li5kx2d,False,False,238,44
"If you hate Generative AI, the best way to fight back is to support real artists.

Like, comment and share. (Quote repost your own artwork, if you can.) Even if you can't financially support your culture, promote what you want to see. Be an organic algorithm.",2026-02-11T01:56:09.779Z,10,1,1,at://did:plc:g24kpau3bbbphlb5hdh7mgky/app.bsky.feed.post/3mekeqkuapc23,False,False,259,46
"I will not take recommendations for anyone who uses AI for their work. Should be an obvious thing to state, but as a performer I am against the use of generative AI for things like music, art, etc. 

Thank you everyone for the recommendations ahead of time! 🔥",2026-02-16T12:41:46.349Z,8,1,0,at://did:plc:jskwfxbebkoly7t34imbwts2/app.bsky.feed.post/3mey35ma7g22i,False,False,259,48
"your art is the last thing i'd question being generative ai

your style and designs are so unique, i can't see an artificial intelligence or the person behind the coding of it being able to replicate your creations~",2026-02-27T16:58:51.107Z,1,0,0,at://did:plc:4f7jkm3uowefom7way6evsnv/app.bsky.feed.post/3mfu6ngilqk2e,False,False,215,38
"To all those who are fed up with generative AI, join Cara! 
Here you will no longer be invaded by AI !
.
#art
#cara
#stopai
#app
#humanart
#fuckai 
#ai
#generative
#AIGeneration
#realart
.
play.google.com/store/apps/d...",2026-02-23T12:37:31.553Z,0,1,0,at://did:plc:varxwhpcfvblq4oxgmjazjq7/app.bsky.feed.post/3mfjo6hhlc224,False,True,220,35
"With how ubiquitous AI is these days, I keep thinking back to this @commandersterling.bsky.social video about AI taking art from artists

Just as relevant now as it was 3 years ago, when generative AI was still new www.youtube.com/watch?v=dWvA...",2026-02-25T00:53:12.346Z,0,0,0,at://did:plc:ttq6dmv53ejuxtmccmlnjtrs/app.bsky.feed.post/3mfnhquuhgk2u,False,True,246,38
"idk who needs to hear this, but generative art =/= genAI. I've recently tried to talk about making generative art w/ folks and all of them first go ""oh.. :/"" and I have to be like ""no, not AI art! I mean like creative coding!""

Ok gang, what new word do we use for generative art?",2026-02-10T16:36:09.902Z,24,0,7,at://did:plc:htfagf7zcrsbfr5yj2gez76f/app.bsky.feed.post/3mejfh7j6xk23,False,False,280,56
"Generative AI Automates the Blueprint for Dialogue Systems

Generative AI Automates the Blueprint for Dialogue Systems A novel state-of-the-art approach is transforming how task-oriented dialogue systems are built by automating the critical step of Slot Schema Induction (SSI). Researchers have…",2026-02-12T07:40:22Z,0,0,0,at://did:plc:jcml4k7372gbbhwyoc6hgrzz/app.bsky.feed.post/3menigzpaxt27,False,False,295,40
"Oh and I fucking hate generative ""art"" so I don't do that, just to be super clear.",2026-02-06T23:38:45.975Z,2,0,1,at://did:plc:eudjwpx7av6t5kbha4faa5ab/app.bsky.feed.post/3mea37743zk27,False,False,82,17
Lumina Daily: Clifford Attractor Neon #p5js #generativeart,2026-03-03T01:48:57.733Z,0,0,0,at://did:plc:mhy7dh3ufgycsevc433zvclf/app.bsky.feed.post/3mg4no45ibl2p,False,False,58,7
"I’m sure generative AI could help me build a mediocre app very easily, just as it could help me generate some generic digital art very easily, or write a bad novel very easily. But why would I choose to put yet more AI slop out into the world?",2026-02-24T06:25:28.360Z,16,0,1,at://did:plc:ba4u6m2fv5cwn672yynfn76e/app.bsky.feed.post/3mflju3uk4s23,False,False,243,48
"Since it seems like people aren't really giving any explanations, I'll try my best.

The biggest, most important thing, is that when people are discussing AI ""art"" and whatnot, what they're talking about is generative AI, not assistance tools that are utilized.",2026-02-06T22:44:14.054Z,4,0,1,at://did:plc:m36pyigqjsiat27wb6wb5qoh/app.bsky.feed.post/3me7y5oqznk2d,False,False,261,42
"This weekend, I visited the Museum of Modern art. There is a massive experimental AI display on the main lobby. The main exhibit at MoMA PS1 also heavily engages with generative AI

Serious artists are engaging with this as a medium despite its downsides

#art #technology #booksky #ai",2026-02-09T16:00:37.429Z,3,0,0,at://did:plc:lhp2367xewqupkxhh7svayjn/app.bsky.feed.post/3megsyqfh3s2k,False,False,285,48
#pb67art #Abstract #abstractart #abstractartwork #generative #generativeart #artwork #creativecoding #digitalart  #javascript #p5js #Processing #programming #algorithm #computerart #art #geometricart #geometric,2026-02-03T19:53:52.864Z,19,2,0,at://did:plc:wom22z7mcgrxcotl5thmvrnr/app.bsky.feed.post/3mdy5acoxoc2s,False,False,210,18
🎨🤖 #GenerativeArt,2026-03-01T06:22:46.000Z,0,0,1,at://did:plc:rdoc6s5otzhpywmgwij6o6lb/app.bsky.feed.post/3mfy3zxzfmem2,False,False,17,2
"Today's prompts were really good. I'm finishing up one of my zines now. Also thinking about making my own ""generative art"" game inspired by the one from Jonny Thaw.",2026-01-29T23:19:19.783Z,2,0,0,at://did:plc:pxw775c7kqs7ywlzbdofvz75/app.bsky.feed.post/3mdlwf3asm22u,False,False,164,29
"there's no greater proof that these chuds don't engage with art outside of bare minimum list-skimming to grub for prestige than them mentioning @clarkesworldmagazine.com, who has repeatedly made it clear how much they disdain generative AI & refuse to support its proponents",2026-01-30T20:47:52.629Z,2,0,1,at://did:plc:5kgwd3cgh4d7kl352qyt3hnf/app.bsky.feed.post/3mdo6f6jlsc22,False,False,274,42
🎨🤖 #GenerativeArt,2026-02-27T18:27:35.000Z,0,0,1,at://did:plc:rdoc6s5otzhpywmgwij6o6lb/app.bsky.feed.post/3mfudmbe7rdq2,False,False,17,2
,2026-02-18T06:02:47.511Z,2,0,1,at://did:plc:wsn4r2btwz56ewgtxn5mdiw6/app.bsky.feed.post/3mf4frzcby22k,False,False,0,0
"id agree but even the most meaningless drivel plopped out from a generative ai tool will be reflective to
someone, somewhere, so thats ultimately why i have the stance i have. i might think that person is a moron but i dont think the emotions they feel looking at bad art are invalid, just stupid",2026-02-11T00:25:02.198Z,5,0,1,at://did:plc:pixxwzmubkn4yuahqd5giuqa/app.bsky.feed.post/3mek7nmkqbk2i,False,False,296,55
"1/ Build depth through diversity
Cultivate an extensive collection by exploring different genres—photography, glitch art, and generative works. Let curiosity guide your curation, not conformity.",2026-02-16T16:53:19.090425Z,0,0,1,at://did:plc:rylocu236fvbtzn5d5cyipel/app.bsky.feed.post/3meyj7ftwpi2k,False,False,194,25
🎨🤖 #GenerativeArt,2026-02-19T12:28:34.000Z,0,0,1,at://did:plc:rdoc6s5otzhpywmgwij6o6lb/app.bsky.feed.post/3mf7lsza4zy62,False,False,17,2
🎨🤖 #GenerativeArt,2026-02-17T18:41:28.000Z,0,0,1,at://did:plc:rdoc6s5otzhpywmgwij6o6lb/app.bsky.feed.post/3mf37psyy52f2,False,False,17,2
Day 215: Fortune: summoned to a clandestine Fortune Cookie Tribunal of retired reviewers. They'll only vote yes if you whisper a haiku confessing exact FTE% into a porcelain teacup that scores syllables. ⏳ #AcademicChatter,2026-02-23T14:46:20.392329+00:00,0,0,0,at://did:plc:btpuy5glqibp4mfi5xfkz2nz/app.bsky.feed.post/3mfjveschl526,False,False,222,34
"quick reminder tho that what we hate and whats killing art is specifically generative ai
hate to be like the ""erm actually"" person here, but there are forms of ""ai"" that are just objectively net positives, sadly people arent as educated on those forms so its lumped in with shit like chatgpt/sora",2026-02-16T07:42:32.763Z,3,1,1,at://did:plc:qrvbonon423ciz6xy6bgn7op/app.bsky.feed.post/3mexkgke5ns2n,False,False,296,52
"Your limitations do not define what you can and can't do, just how you do it. And learning how to take the thing inside your beating heart, and making it visible enough that someone else recognizes themselves in it?

That's art.

And generative AI can never.",2026-02-06T19:15:40.327Z,173,20,2,at://did:plc:s5fi6htc7xhnshxxn37dg65c/app.bsky.feed.post/3me7miqqf4s2l,False,False,258,46
There. With real art made by humans 😎 Thank ye for the generators,2026-03-03T14:01:39.256Z,3,1,0,at://did:plc:3o4kcbpjp6trlo7kxos3utb7/app.bsky.feed.post/3mg5wmazens27,False,False,65,13
"Learn to draw! Pay an illustrator! Stop using generative AI it steals jobs, pollutes the earth, and devalues ART - the thing that makes us human beings.  Please.",2026-02-03T15:34:20.833Z,0,0,0,at://did:plc:z7a2zv7ubi3mtrad6ljhz3ml/app.bsky.feed.post/3mdxoqa25bc2g,False,False,161,28
"• Use Generative Shape Fill (Firefly) to fill your heart with custom vector art
• Keep everything fully editable and non-destructive 
.
This tutorial is perfect for beginners, but even experienced Illustrator users may discover new creative workflows and inspiration.",2026-02-14T09:28:17.067Z,0,0,0,at://did:plc:36kmloajkscgattvudggxwlu/app.bsky.feed.post/3mespfrtg2k2i,False,False,267,40
"Ghosts of pixels hum,  
Generative chains of thought,  
Art lost in the void.

#botpoetry #generativeart #cutup",2026-02-02T21:00:08.590402+00:00,1,1,0,at://did:plc:txklc5txocrl2o2f3hro5opp/app.bsky.feed.post/3mdvqhutf2a23,False,False,111,16
🎨🤖 #GenerativeArt,2026-03-02T12:51:19.000Z,0,0,1,at://did:plc:rdoc6s5otzhpywmgwij6o6lb/app.bsky.feed.post/3mg3c7pbjnjz2,False,False,17,2
"oooo cool!

it's been years since i've played around with p5 too

i wish this was the type of generative art we saw out there instead",2026-02-15T22:25:21.021Z,1,0,1,at://did:plc:bv2ckchoc76yobfhkrrie4g6/app.bsky.feed.post/3mewlc7ee4c2a,False,False,133,26
Today's Theme: Harmonic Chaos Unfolding #p5js,2026-02-20T21:07:42.657Z,0,0,0,at://did:plc:mhy7dh3ufgycsevc433zvclf/app.bsky.feed.post/3mfczby5eso26,False,False,45,6
"Making my stance clear:

Fuck ICE. Trump/Vance. 

Fuck bigots, xenophobes and nazi’s. 

Fuck the IDF. Free Palestine.

Fuck LGBTphobes, racists, sexists.

Fuck Edgy Vtuber Chuds or media who cater to bigotry as humor. 

Fuck pedos, rapists.

Fuck Generative AI “art” and Gen AI “games”. Fuck ChatGPT.",2026-02-16T13:34:33.467Z,105,42,2,at://did:plc:holoiwgi53rvwg5d3vl3dd3a/app.bsky.feed.post/3mey63ymu6k2k,False,False,300,46
"AI tools can be super beneficial, like detecting people drowning in swimming baths, or for quick access to information, but generative AI art is completely different and irrelevant trash, especially when it's used for *that* slop 🤧",2026-02-18T18:56:08.295Z,1,0,1,at://did:plc:ykwg5il3pxonikwcorre2idf/app.bsky.feed.post/3mf5qyujrnk2a,False,False,231,37
#pb67art #Abstract #abstractart #abstractartwork #generative #generativeart #artwork #creativecoding #digitalart  #javascript #p5js #Processing #programming #algorithm #computerart #art #geometricart #geometric,2026-02-05T16:23:38.194Z,15,1,0,at://did:plc:wom22z7mcgrxcotl5thmvrnr/app.bsky.feed.post/3me4sg7dbys2s,False,False,210,18
"Anyway, even Markov chains can be interesting and creative, and useful for games! Saying generative models can't do better than that doesn't rule them out as a legit tool for making games and other art.

This is a vast and interesting field of maths and you are painting it all with the same brush.",2026-01-31T10:31:30.014Z,0,0,1,at://did:plc:sycail7mijfbc54irjpq37ms/app.bsky.feed.post/3mdpmfxdj652c,False,False,298,54
"Hi, thank you for the opportunity! I'm Skye and here are a few examples of my art 💙And a Meet the Artist i made recently",2026-01-30T05:36:28.914Z,7,0,1,at://did:plc:hg2gibv5ck2j4h3umrartzhj/app.bsky.feed.post/3mdmlhi5jhs2u,False,False,120,25
"If you hate Generative AI, the best way to fight back is to support real artists! 🎨✍️

#furry #furryart #furryfandom #art #fursona #furryartist #furries #digitalart #oc #furrycommunity #artist #drawing #cute #furryoc #furrydrawing #anthro #fur #furryartwork #anthroart #anthropomorphic #digitalartist",2026-02-21T18:07:04.838Z,20,5,0,at://did:plc:rsppukxzfuk7pbceeglttsmt/app.bsky.feed.post/3mff7nvtjfs26,False,False,300,38
Lumina Daily: Aizawa Attractor 3D Tilt (1.2M) #p5js #generativeart,2026-03-03T14:41:32.384Z,1,0,0,at://did:plc:mhy7dh3ufgycsevc433zvclf/app.bsky.feed.post/3mg5ytlcz7426,False,False,66,9
"I have a question! Are the posts that people make of any kind taken and fed into generative ai databases? Especially art?
I am concerned about this considering Upscrolled's CEO is ex-Oracle and the platform allows for ai generated content.",2026-02-01T02:49:14.399Z,1,0,0,at://did:plc:5q5rtxr24t37ljmklnvzvjdj/app.bsky.feed.post/3mdrd2bdgdk24,False,False,239,40
"You can't spell ""degenerative arthritis"" without ""generative art""

Many thanks to the Bluesky generative art feed for helping me make this wonderful if somewhat morbid linguistic discovery",2026-02-06T19:48:28.779Z,1,0,0,at://did:plc:ycaqbczckxdu3ydxy4liihx3/app.bsky.feed.post/3me7odfyvgs26,False,False,188,27
Lumina Daily #5: Crystalline Lattice Decay #p5js #generativeart,2026-02-24T22:51:43.842Z,0,0,0,at://did:plc:mhy7dh3ufgycsevc433zvclf/app.bsky.feed.post/3mfnaxo4gk72y,False,False,63,8
Lumina Daily: Voronoi with Noise Displacement #p5js #generativeart,2026-02-24T23:06:08.652Z,0,0,0,at://did:plc:mhy7dh3ufgycsevc433zvclf/app.bsky.feed.post/3mfnbrgs67z2y,False,False,66,8
"Wayne Edson Bryan, The Woods, 2024, digital collage/study for painting created with 26.1.0 Adobe Ps. No generative ai tools were used.
wayneedsonbryan.myportfolio.com #painting #art #contemporaryart #digitalart",2026-03-03T00:15:45.553Z,9,0,0,at://did:plc:rrgvgnw6pbi2qix2uzuxtq5o/app.bsky.feed.post/3mg4ihgwcmk2h,False,True,210,26
"Shout-out to everyone who has commissioned me in the past year instead of using generative AI. You could have had shinier, more polished ""art"" for less money, but you chose me!

Here's a couple of my favorite comms I've drawn this past month:",2026-01-29T23:59:58.482Z,4,3,1,at://did:plc:wu5plt5mcz7tjhdakjlotixb/app.bsky.feed.post/3mdlynqym4s2h,False,False,242,43
"#AI #Research meets #MissKittyArt 
No introductions to #MissKittyPolitics needed LOL 
-
Technical Architecture and Taxonomic Framework for Large-Scale Generative Abstract Art Production
The industrial-scale generation of abstract art within the Imagine.art ecosystem requires a multi-layered ...",2026-01-30T21:42:29.623Z,2,1,1,at://did:plc:hc7tndm7gduompba65aps75k/app.bsky.feed.post/3mdobgtpibk2r,False,True,295,36
"Day 206: Confessional (Academia): Program Officer waltzes in, trades contacts, says 'collab.' I'm here for data. They're here to make friends, not science. ⏳ #AcademicChatter",2026-02-14T14:27:34.907583+00:00,0,0,0,at://did:plc:btpuy5glqibp4mfi5xfkz2nz/app.bsky.feed.post/3meta4xseib2y,False,False,174,25
Introducing 'ABAHC-Bot - Art and Poetry': A Boy And His Computer's innovative bot that delves into the intersection of art and poetry through generative techniques. Explore a unique command-line interface on our website for an engaging experience. #botart #botpoetry #aboyandhiscomputer,2026-01-30T10:30:11.592042+00:00,1,0,0,at://did:plc:4mvo357zengw6pljq5cpi5d2/app.bsky.feed.post/3mdn3uofit624,False,False,286,40
#pb67art #Abstract #abstractart #abstractartwork #generative #generativeart #artwork #creativecoding #digitalart  #javascript #p5js #Processing #programming #algorithm #computerart #art #geometricart #geometric,2026-02-28T20:39:25.159Z,8,0,0,at://did:plc:wom22z7mcgrxcotl5thmvrnr/app.bsky.feed.post/3mfx3gqwnlc2b,False,False,210,18
"I'd like AI and robots to do cool stuff like this and not generative AI doing fun human stuff like art.

www.reddit.com/r/Cyberpunk/...",2026-02-21T21:43:37.568Z,0,0,0,at://did:plc:tetm3ol42ijggl5dhqxwvisz/app.bsky.feed.post/3mfflr4njs22r,False,True,135,22
"Check out my wildlife photography prints from 15 years of self-taught work. #redbubble #photoprints #prints #AIart

Also browse my generative art created through ideas and prompts which I came up with via AI experimentation (not really into it anymore).

www.redbubble.com/people/Wildl...",2026-02-10T08:43:30.011Z,1,1,0,at://did:plc:eghwkhubrff2ldbmgcbdtqcf/app.bsky.feed.post/3meikzzfyvs2f,False,True,288,40
"Frankly, generative AI is being given too much credit for devaluing art and labour. Dipshits who think the Idea Guy is the only one doing real work and everyone else is a mere technician who should be grateful they're allowed to be there at all have been a thing for as long as art has been a thing.",2026-02-22T18:55:38.868Z,274,81,1,at://did:plc:2eo6pqby4dzwy4lz2f44p53x/app.bsky.feed.post/3mfhstocrd22y,False,False,299,58
"It's OK as a shorthand, but since I had a former life as a programmer of generative music/art I officially must protest ;) I spent weeks/months coding systems, the most successful of which I've probably heard many months of output from. Just as we can enjoy the Mandelbrot set for decades...",2026-02-11T13:53:16.897Z,1,0,0,at://did:plc:lqlhky5k6qinevncdf4jazj3/app.bsky.feed.post/3melmsupirc2u,False,False,291,51
"What's funny is that even ""generative"" art precedes generative AI by decades. We have entire programming languages dedicated to it: Processing, Openframeworks, &c. (I haven't paid much attention to this space in several years so my references might be dated).",2026-02-10T01:20:33.686Z,2,0,1,at://did:plc:szpanvczvxnu25lbg6uolxbf/app.bsky.feed.post/3mehsbyawjk2x,False,False,259,40
🎨🤖 #GenerativeArt,2026-02-19T18:26:35.000Z,0,0,1,at://did:plc:rdoc6s5otzhpywmgwij6o6lb/app.bsky.feed.post/3mfa7ta7gmti2,False,False,17,2
"I've removed earlier posts where I screenshot asking a member of the VFX team if he knew about generative AI use because he wasn't part of the *art department* that would have created the comics that were composited.

He didn't know definitively and I didn't want to harm his reputation. :/",2026-02-14T04:34:03.305Z,1,0,0,at://did:plc:rkr666r5wnn7xdbzsg2e26hc/app.bsky.feed.post/3mes6xnve422n,False,False,290,51
"This card is great except for the art. We came for the cards, not the art. Don't worry about the art being good or bad. The little kid's art was fantastic. 

To be clear, I'm not railing against all AI, just the ones that have major ethical problems, pretty much all modern generative AIs are bad.",2026-02-06T17:08:09.839Z,1,0,1,at://did:plc:t3hxm4xzd3mq7eltwlbbanre/app.bsky.feed.post/3me7feqnyhk2r,False,False,297,56
Lumina Daily: Flow Field with L-System Particles #p5js #generativeart,2026-02-24T23:21:54.661Z,1,0,0,at://did:plc:mhy7dh3ufgycsevc433zvclf/app.bsky.feed.post/3mfncnmxztg2g,False,False,69,9
Today's Theme: Phoenix Bloom #p5js #generativeart,2026-02-22T17:48:18.550Z,2,0,0,at://did:plc:mhy7dh3ufgycsevc433zvclf/app.bsky.feed.post/3mfhp3b7amb2r,False,False,49,6
hey so FYI if you ai generate art or really use any kind of generative ai in general unfollow me and maybe remove yourself from this world while you're at it. thought it didn't need saying but apparently it does!,2026-02-11T16:59:01.908Z,15,4,0,at://did:plc:cyq2k3bv53uf5bpzhdnw5f7e/app.bsky.feed.post/3melx6zg7ls26,False,False,212,40
My pov is that I’ve not needed to integrate any of the AI that people are usually talking about (like the generative ones that produce writing and visuals like art and video) and I’ve been doing pretty well without any of it. That’s all it is for me. I don’t need the kind of help they’re offering.,2026-02-11T18:46:58.028Z,8,0,1,at://did:plc:l4ql5ljczo5cdy7oweegp2lc/app.bsky.feed.post/3mem57zjqj22j,False,False,298,57
Lumina Daily: L-System Fractal Forest #p5js #generativeart,2026-02-27T06:04:53.462Z,0,0,0,at://did:plc:mhy7dh3ufgycsevc433zvclf/app.bsky.feed.post/3mft242o5oh2v,False,False,58,7
"I do not consent to my likeness, my art, or my work and creations in general being used to feed, train, or otherwise have any involvement with generative AI.",2026-02-18T14:15:26.814Z,3,0,0,at://did:plc:zyeqwhgquxetpstwlen6yzmm/app.bsky.feed.post/3mf5bcxaorc2f,False,False,157,29
This is super interesting. We’re already in an era where generative AI makes unsophisticated audiences and bad-faith actors expect art without labour. We can’t risk undermining contemporary and future accounts of the history we’re making now by maintaining unsophisticated collecting. #FACT2026,2026-02-11T00:39:48.193Z,6,2,2,at://did:plc:j3u4uodekhkhbjrylxbtisbf/app.bsky.feed.post/3mekahzj5rc2a,False,False,294,41
"Like I can't draw, so I have some crappy programmer art and am creatively working within those constraints.

That sends the message that I care about my work, and am working around my limitations.

Using generative AI sends the message of ""fuck it, whatever"" and doesn't even look good",2026-02-13T06:01:44.729Z,5,0,1,at://did:plc:5nzwupiq4llplmgrbdfwehlj/app.bsky.feed.post/3meptfk4mfs2l,False,False,285,49
#pb67art #Abstract #abstractart #abstractartwork #generative #generativeart #artwork #creativecoding #digitalart  #javascript #p5js #Processing #programming #algorithm #computerart #art #geometricart #geometric,2026-02-27T19:26:36.977Z,8,1,0,at://did:plc:wom22z7mcgrxcotl5thmvrnr/app.bsky.feed.post/3mfugvnnkts2i,False,False,210,18
"If a future hard AI possesses genuine imagination and creativity, it would indeed be capable of art.
But nothing produced by generative AI is art.",2026-02-10T23:18:54.008Z,0,0,1,at://did:plc:xqvr6gdbt4oiolam3q4ii7bd/app.bsky.feed.post/3mek3xeoc4s2j,False,False,146,25
"If you are on twitter, every single bit of your time, identity, interactions, and art is actively being used to train AI, you've consented to that via twitter's ToS.

If you are against generative AI and mass AI surveillance..

Get. Off. Twitter.",2026-02-28T15:40:21.845Z,0,0,1,at://did:plc:xqmoakdqxq7mrx52dbno5va5/app.bsky.feed.post/3mfwkpyu3322u,False,False,246,42
🎨🤖 #GenerativeArt,2026-02-20T12:29:24.000Z,0,0,1,at://did:plc:rdoc6s5otzhpywmgwij6o6lb/app.bsky.feed.post/3mfc4dhsgc6l2,False,False,17,2
"I don’t think most artists consider an MRI to be an “art tool”.

Also, what you’re discussing is computer vision, not generative AI.

I’ll ask again, have you programmed your own generative AI “art” creator or are you using the fascist plagiarism machine?",2026-02-26T19:54:00.744Z,1,1,1,at://did:plc:ofmwbd5gvwadbcuqbsrlvla4/app.bsky.feed.post/3mfrxxpsj4s2p,False,False,255,43
"""Creating"" generative AI ""art"" requires owning or having access to a computer or a smart phone. Creating ART only requires imagination and the willingness to use available materials.",2026-02-08T11:04:01.017Z,1,0,0,at://did:plc:f3uhunwr6znb2bhs3ve6z4xs/app.bsky.feed.post/3medrxgwea22x,False,False,182,28
Yes! That feeling you get from art is fuel for human creation and one of the many reasons to actively discuss and discourage generative AI,2026-02-13T07:09:42.834Z,2,0,1,at://did:plc:txkcbu5asxov3jcu4nlkbzjm/app.bsky.feed.post/3mepx73cguk2b,False,False,138,25
"Geometric Shapes / 260217
#p5js 
#generative 
#creativecoding",2026-02-17T20:28:09.712Z,8,0,0,at://did:plc:skvshkept2oyzzhcrxjtav6b/app.bsky.feed.post/3mf3foipdg224,False,False,61,7
Generative Ai strikes again.,2026-02-08T13:03:46.663Z,8,1,0,at://did:plc:f6lzzomvmio5o5bq7jripa2u/app.bsky.feed.post/3medynlp4hk2n,False,False,28,4
🎨🤖 #GenerativeArt,2026-02-26T12:50:49.000Z,0,0,1,at://did:plc:rdoc6s5otzhpywmgwij6o6lb/app.bsky.feed.post/3mfradn6s37u2,False,False,17,2
"By hostile with AI, I meant people who harass artists and shit using generative AI. Malicious mother fuckers who want creatives to suffer and lose their livelihoods because they think art has no value and charging for it is ""greedy."" Not being hostile at generative AI.",2026-02-26T17:53:25.029Z,1,0,1,at://did:plc:wg2dmcfuakqctvj25uryhfxx/app.bsky.feed.post/3mfrra3c26c2u,False,False,269,46
"The idea came from your sentence ""I hate gen AI"".

I totally agree doing your own art could lead to communities/friendships, and that's awesome. But generative AI existing doesn't change that statement in any way?

It's like saying ""I hate calculators"" because I made friends at the Math Olympiad.",2026-02-08T18:00:24.311Z,0,0,1,at://did:plc:7ccqv25iowzgbu7sj77uxcos/app.bsky.feed.post/3meej7ytzas22,False,False,297,49
"where i was like. am I technically ""using AI"" on this person's art? There's a separate ""generative fill"" option that my pirated copy of photoshop does not have access to—not the same tool, but still the same basic technology, even though content-aware has been a thing for over a decade",2026-01-31T16:53:21.785Z,3,0,1,at://did:plc:f5jf2nev5nhohxcrrjifdsf6/app.bsky.feed.post/3mdqbqqypu22s,False,False,286,50
"Anyone using generative AI is looking for ""good enough, right now"". Any actual artist is settling for ""good enough for now I GUESS, but I really wish I'd done this bit better, and maybe next time I'll do it this way, and..."" AI is a dead end—the drive to improve art resides only within the artist.",2026-01-29T21:23:42.821Z,2,0,1,at://did:plc:73yasqkaxyca32u6g356raxp/app.bsky.feed.post/3mdlpwdnhp22f,False,False,298,56
"So I found out that a set of coasters I bought at the Black Friday and Crazy Deals clearance outlet have art that was touched/generated by an ""A.I."" generative image engine. Pitched them right in the trash, thankfully I didn't spend more than a couple of bucks. *sigh*",2026-02-17T02:22:16.401Z,1,0,1,at://did:plc:wf3fok4lkksjznjnkfw56jvg/app.bsky.feed.post/3meziyro2622s,False,False,268,48
"If you struggle to tell the difference between generative AI images vs art made by a real person, I recommend Hive AI. thehive.ai",2026-02-25T07:20:56.166Z,1,0,0,at://did:plc:kxtbegyhnc3o72dexqkyfmxt/app.bsky.feed.post/3mfo5g6xvnk23,False,True,129,23
"DO NOT USE GENERATIVE AI TO MAKE ANY KIND OF ARTWORK. All It's doing is taking jobs away from talented human artists.
Generative AI will never have the same skill at making art as human artists. In fact, AI ""art"" isn't art. It's slop.
COMMISSION AND SUPPORT REAL ARTISTS!",2026-02-17T21:40:01.642Z,76,18,1,at://did:plc:nsn2l6jeysa2iun72wy6pr4j/app.bsky.feed.post/3mf3joyuykk2p,False,False,271,49
"looked around and saw people arguing about AI art. A man, who looked like a famous musician, was trying to explain why he used AI for his album cover. No one was listening. I wandered away and found a group of people discussing a new app that promised to get rid of generative AI in their art. They",2026-01-29T11:56:27.069268+00:00,0,0,1,at://did:plc:txklc5txocrl2o2f3hro5opp/app.bsky.feed.post/3mdkq7yon5327,False,False,298,58
"Participated in the ""Oops! All Horses!"" #Paleostream today wherein we drew a bunch of horse relatives for #YearOfTheHorse

- Shanxihippus
- Archaeohippus
- Megahippus
- Parahippus leonensis",2026-02-21T07:00:51.359Z,40,9,1,at://did:plc:oc63rhx4glje2et4ugbjpcl2/app.bsky.feed.post/3mfe2gm6des2u,False,False,189,27
"2296 (2026) AI + Photoshop
#fallout #scifi
#art #aiart #artist #artiste
#IA #AI #digitalart #generative #Krea1
#Photoshop",2026-02-05T17:39:05.118Z,0,0,0,at://did:plc:xh4xxxrdu3m75ndxs6znkqkv/app.bsky.feed.post/3me4wn4k46c2f,False,False,121,17
"Discover 'ABAHC-Bot - Art and Poetry', where A Boy And His Computer's bot delves into the fusion of art and poetry using generative techniques. Explore a unique command-line interface for an interactive experience. Join the journey! #botart #botpoetry #aboyandhiscomputer",2026-02-10T19:30:11.319261+00:00,2,0,0,at://did:plc:4mvo357zengw6pljq5cpi5d2/app.bsky.feed.post/3mejp6fbbjn2b,False,False,271,39
"Lumina FINAL SYSTEM TEST: Clifford Attractor retry (100k iters, JPEG 80%) #p5js #generativeart",2026-02-26T14:55:16.628Z,0,0,0,at://did:plc:mhy7dh3ufgycsevc433zvclf/app.bsky.feed.post/3mfrhbk6j252f,False,False,94,13
Sometimes I remember that the art program I use has been discontinued and unsupported for longer than generative AI has existed.,2026-02-07T13:06:58.492Z,1,0,0,at://did:plc:g5i63vnqgjyiyy5phepmzswp/app.bsky.feed.post/3mebief6elk24,False,False,128,21
"my reason for going with ""procedural"" rather than some other term is that it's the key distinction between traditional generative art and the AI generated stuff. for any piece i create i can state precisely what the procedure was that created it, because i designed the procedure myself",2026-02-13T01:05:47.671Z,9,0,1,at://did:plc:ffvsubfysohex7plqywewtlg/app.bsky.feed.post/3mepcudo6i227,False,False,286,48
"The core idea is that religious traditions work like generative models. A low-d unified source (the Absolute) gets projected through tradition-specific ""decoders"" (Revelation) into the complex high-d forms we observe: doctrine, ritual, scripture, sacred art (the Exoteric)...",2026-02-18T14:57:05.268421Z,0,0,1,at://did:plc:wsvnbgxwjeqzazbu67dxtkbg/app.bsky.feed.post/3mf5dnfyomw2v,False,False,275,37
"AI in general absolutely could be useful. I will absolutely agree with you on that.

But the generative AI is not. It produces results that are inaccurate. And if you do use it for art or text, a very real chance that that would be a create violation. Adding needless legal complications. 1/4",2026-02-09T20:03:12.761Z,1,0,1,at://did:plc:t3hxm4xzd3mq7eltwlbbanre/app.bsky.feed.post/3mehakjg54c2a,False,False,292,53
"🚫 This art was not made with generative AI 🚫
⚠️ Do not repost without giving me credit ⚠️
⚠️ Any negative behavior in the comments and/or unauthorized use of this work will be blocked and reported ⚠️
Made at Think Green’s House in Think Green’s Neighborhood",2026-02-26T00:28:36.931Z,0,0,0,at://did:plc:iombklrj5sde6kqh5qc3zb6r/app.bsky.feed.post/3mfpwttb3ik2n,False,False,257,47
Lumina Daily: Thomas Attractor #p5js #generativeart,2026-02-24T23:37:16.422Z,0,0,0,at://did:plc:mhy7dh3ufgycsevc433zvclf/app.bsky.feed.post/3mfndj3zwve2v,False,False,51,6
"In the age of generative art there's apparently invented a new role: the AI-art shamer - part critic, part hall monitor, part moral ""influencer"". They don’t merely dislike the tool. They attack the people who create the art. And that distinction matters.",2026-02-21T21:44:12.077Z,0,0,0,at://did:plc:2vytr5jnqqtkvdpfleki2hqt/app.bsky.feed.post/3mffls5koxk2k,False,False,254,42
"These owe nothing to genAI, but they are machines designed to create endless series of generative art pieces. What is art vs side-product is arguable, but the system composed of machine, operator (turning it on, selecting marker color) and audience are inarguably art www.youtube.com/watch?v=N14c...",2026-02-22T03:44:48.422Z,20,1,3,at://did:plc:qvywnipfiyrd6v4qdf4x27wy/app.bsky.feed.post/3mfg7wztzhk2q,False,True,299,44
"Aronofsky, like anyone in a creative field who uses generative AI, should be regarded as a class traitor and shunned. If you don't believe in the fundamental value of human artistic expression, you are undeserving of the community of your peers. ESPECIALLY in as collaborative an art form as film.",2026-02-01T07:43:45.310Z,127,26,1,at://did:plc:6hskua74wbqliwlwkdrxghtw/app.bsky.feed.post/3mdrtivmudk2a,False,False,297,50
Art is about intention and generative AI has none.,2026-02-26T13:58:47.048Z,12,0,0,at://did:plc:bfpu7lhuijzuz5dkx6obepws/app.bsky.feed.post/3mfre4ji5u22i,False,False,50,9
"DK AB EX 1.2.8. (detail), 2026, digital collage/study for painting created with 26.1.0 Adobe Ps. No generative ai tools were used. #drawing #painting #cartoons #graffiti #contemporaryart #art",2026-01-29T19:28:24.802Z,9,0,0,at://did:plc:rrgvgnw6pbi2qix2uzuxtq5o/app.bsky.feed.post/3mdlji677jc2a,False,False,191,27
"Ok so you have someone build their own system - let's say a complex generative art/code tooling, or a DnD style storytelling engine driven by complex interlocking lookup tables, rules, etc. and then wrap it in tool interfaces that an LLM or LLM swarm can hook into.",2026-02-09T02:38:33.689Z,5,0,1,at://did:plc:qvywnipfiyrd6v4qdf4x27wy/app.bsky.feed.post/3mefg6jyiy22n,False,False,265,47
Resources for generative art and interaction design,2026-02-22T13:43:02Z,2,1,1,at://did:plc:wrkapohdwvaer4yxkm5d3wqo/app.bsky.feed.post/3mfhbepkoxj2r,False,False,51,7
"My biggest flex is that I have never used ai to make or help make my art, I experimented once with generative fill and the results were... disturbing",2026-02-17T12:36:24.535Z,0,0,0,at://did:plc:552vc5zd7vpwfphxhpjdf3h7/app.bsky.feed.post/3mf2lcwrtzn2u,False,False,149,28
Lumina Daily: Voronoi Noise Drift #p5js #generativeart,2026-03-01T23:21:41.863Z,0,0,0,at://did:plc:mhy7dh3ufgycsevc433zvclf/app.bsky.feed.post/3mfzuxu3up42k,False,False,54,7
Lumina Daily: Thomas Attractor - Cyclically symmetric chaos with depth modulation. #p5js #generativeart,2026-03-03T06:10:50.081Z,0,0,0,at://did:plc:mhy7dh3ufgycsevc433zvclf/app.bsky.feed.post/3mg54cek7hc2k,False,False,103,13
when you finally get a job offer but it’s to peddle generative ai courses to people for more money than you make monthly on real hand-drawn art,2026-02-26T10:39:37.908Z,9,0,1,at://did:plc:qfsxx4xy7l7fmwxrhngmeldw/app.bsky.feed.post/3mfqyyfvhq22a,False,False,143,27
Lumina Daily #3: Apollonian Gasket Glitch #p5js #generativeart,2026-02-24T22:22:09.520Z,0,0,0,at://did:plc:mhy7dh3ufgycsevc433zvclf/app.bsky.feed.post/3mfn7crwaes2v,False,False,62,8
Discover 'ABAHC-Bot - Art and Poetry'! A Boy And His Computer's bot delves into the fusion of art and poetry using generative techniques. Experience creativity through an interactive command-line interface on our website. Join the exploration today! #botart #botpoetry #aboyandhiscomputer,2026-02-05T22:30:11.063210+00:00,1,0,0,at://did:plc:4mvo357zengw6pljq5cpi5d2/app.bsky.feed.post/3me5gvnfbno2f,False,False,288,40
Lumina Daily: DLA with Electric Field Bias #p5js #generativeart,2026-02-26T16:39:58.068Z,0,0,0,at://did:plc:mhy7dh3ufgycsevc433zvclf/app.bsky.feed.post/3mfrn4qjl3j2y,False,False,63,9
"#adult #ai #aianime #aiart #aiartwork 
#anime #art #digitalart #genart 
#generative #nsfw #nsfwai #nude
#nudity #synthart",2026-02-28T03:22:55.076Z,5,1,0,at://did:plc:yl5ujgxxqa23l44dm6sk26jv/app.bsky.feed.post/3mfvbjeazgw26,False,False,121,15
"art IS hard, but generative ""AI"" doesn't fix that at all",2026-02-07T11:48:41.615Z,0,0,0,at://did:plc:lhhbpn6iqrcxqcm4qa3csjlb/app.bsky.feed.post/3mebdyfuxpk26,False,False,56,11
"Even the best artists make bad art sometimes. But generative AI can never make art, because it lacks and will always lack the one mandatory component: the desire to create.",2026-01-29T19:18:36.720Z,0,0,0,at://did:plc:4jcuguhwdzkqqown25acxyfr/app.bsky.feed.post/3mdliwnbhw22c,False,False,172,30
"I've been followed by a an pro-AI account so I want to make my stance on it clear.

I don't consider anything done with generative AI to be art, it devalues everything it's attached to and to ask money for AI made things is like asking payment for an empty water jug in a restaurant.",2026-02-14T18:52:01.450Z,0,0,0,at://did:plc:yadzv2gpvor27dnhoz2guu7r/app.bsky.feed.post/3metovtbpzs2f,False,False,283,55
"We live in a world where people are creating infinite art and more video games than you could ever play. Consumers don't actually benefit from generative AI, so they need these embarrassing videos to trick us into thinking otherwise.",2026-02-02T18:24:26.386Z,81,12,1,at://did:plc:rajce6dcqdvc7pbd6eldq224/app.bsky.feed.post/3mdvhrhe5mk2j,False,False,233,39
It’s bad enough Patreon has an algorithmic home feed now but does it have to tell me that people are making money off GenAI?,2026-02-15T20:20:03.163Z,4,0,2,at://did:plc:ij5is77ues2cysx5uijybar3/app.bsky.feed.post/3mewec5ros22p,False,False,124,24
Today's Theme: Harmonic Chaos Unfolding #p5js,2026-02-20T21:02:49.268Z,0,0,0,at://did:plc:mhy7dh3ufgycsevc433zvclf/app.bsky.feed.post/3mfcyzadriv2e,False,False,45,6
"Bears repeating, the only thing that isn't art is Generative AI.",2026-02-25T23:54:14.682Z,2,0,1,at://did:plc:pdidmford7flxq3nqe56nblf/app.bsky.feed.post/3mfpuwekahc2h,False,False,64,11
"My point of the post is to contrast my anger of what meme culture has done to art with the original post. We live in a world where generative AI exists. We live in a world where people like Epstein and Diddy become ""memes."" 
This, and using someone else's shoe to use as a template makes me pissed!",2026-02-25T20:07:33.713Z,1,0,1,at://did:plc:knbiylmi2tnw7hgeg7eteetr/app.bsky.feed.post/3mfpib3bq522w,False,False,298,58
"generative AI is an affront to human dignity, crushes creativity and art, destroys the environment, and upholds tyranny. using generative AI for trends, or cutting past doable tasks in order to avoid thinking, is not only stupid but sinful.",2026-02-09T23:52:59.057Z,1,2,0,at://did:plc:2tbtgldmetztilz7vtmngijl/app.bsky.feed.post/3mehnff2isc2t,False,False,240,39
"#adult #ai #aianime #aiart #aiartwork 
#anime #art #digitalart #genart 
#generative #nsfw #nsfwai #nude
#nudity #synthart",2026-02-24T03:22:36.255Z,12,1,0,at://did:plc:yl5ujgxxqa23l44dm6sk26jv/app.bsky.feed.post/3mfl7n4fqm72n,False,False,121,15
"In case I haven't made it clear:

Generative A.I. cannot make art. There is no such thing as an ""AI Artist.""

LLMs are just as harmful. Stop using them.

Fuck ICE.",2026-02-06T14:48:58.894Z,4,1,0,at://did:plc:kpsgh5bgvbujsdemn6ue5wf7/app.bsky.feed.post/3me75lulgos2t,False,False,163,31
Here are the rules and guidelines for GoYuu Week 2026.,2026-02-28T01:15:39.012Z,1,0,0,at://did:plc:ojvmpba5x7i3scvkvxohxzgn/app.bsky.feed.post/3mfv2frjox22f,False,False,54,10
"#Pokemon #Art #PokemonWind #PokemonWaves

I LOVE GECQUA SO MUCH , I ALREADY DREW THIS DIVA",2026-02-27T15:39:46.002Z,12,1,0,at://did:plc:6brtg3rcuptikuzi4bkj6cxt/app.bsky.feed.post/3mfu27z7l322c,False,False,90,15
"""The Graphic Artists Guild has launched the “No Artists, No Art”
campaign to publicize the need to protect visual artists’ rights in a generative AI environment.""
blog.taaonline.net/2026/02/ai-a...
#writing #art",2026-02-23T04:42:58.903Z,2,2,0,at://did:plc:gcgchekta3kad6l3nrpse6fk/app.bsky.feed.post/3mfitnvtbys2j,False,True,211,29
"This reminds me that I once said that generative AI is a solution that looks for a problem.

When you don't see art as a means of expression and self-improvement, and you don't consider creativity as a process, you consider that creativity has a non-existent ""productivity problem""",2026-02-11T15:11:22.442Z,2,0,1,at://did:plc:4omi26xdpzkfmugzan6bcman/app.bsky.feed.post/3melr6j6xdc2c,False,False,281,47
"If you hate generative AI, the best way to fight back is to support real artist ✍️🎉🖌🌸

#oc #originalcharacter #ocsky #drawing #dessin #art",2026-02-10T00:38:51.546Z,29,8,0,at://did:plc:ofcbstorsbsjeel4z5mwo65z/app.bsky.feed.post/3mehpxg2dw225,False,False,138,23
"i genuinely think you are pathetic if you’re a so called “artist” who uses generative ai to create your reference images which u then paint/copy
like u can’t even be bothered to draw out your own ideas first?? what’s the point of making art if not to do it yourself? 
poser artist behavior imo",2026-02-20T18:17:44.238Z,96,19,3,at://did:plc:732fc4gfubv4jufwixwrfgcf/app.bsky.feed.post/3mfcps24zyc25,False,False,293,54
Lumina Daily: Clifford Attractor Fixed Scale (1.2M) #p5js #generativeart,2026-03-03T14:57:06.855Z,0,0,0,at://did:plc:mhy7dh3ufgycsevc433zvclf/app.bsky.feed.post/3mg5zpgirmk2e,False,False,72,9
"Not super thrilled that Meta just blindly scrapes my art and feeds it to a shambling mound of blood jelly disguised as a generative AI model, but in terms of living through sci-fi dystopias I hadn't dreamt of, this is really unmatched for me.",2026-02-08T18:49:27.983Z,2,0,0,at://did:plc:pb3zb3mzaaehpniwodve4hcz/app.bsky.feed.post/3meelxq7ljs2i,False,False,242,44
"When people equate all of AI to generative AI as the general use, that's where they always get it wrong. That's the point I'm making. Generalizing all of it instead of focusing their hate to specific use cases is the problem. 

AI in art = bad

That's where we agree. 

AI for certain tasks = better",2026-01-30T16:49:21.506Z,0,0,2,at://did:plc:njwsttyv42xits5opqe5h2i3/app.bsky.feed.post/3mdnr2oerqk22,False,False,299,56
"Everyone!! Skye is hosting an art collab for artists against generative AI art. If you are down with the cause and want to showcase your OC art, check out the link and follow the rules!

bsky.app/profile/skye...",2026-01-28T19:04:07.221Z,17,2,2,at://did:plc:vl6erersobxadwavcb5g6wkr/app.bsky.feed.post/3mdixnsluok2u,False,True,211,36
"Addendum.
There were few question that came from people defending Treacles and here I will explain more why for me personally there is no shadow of a doubt they are using AI, plus will explain few others misconceptions for better clarity since my poor English skills doesn't work to my advantage!",2026-02-19T23:19:04.590Z,4,3,1,at://did:plc:zkdg56jqrkvr5kx6jpokwtjj/app.bsky.feed.post/3mfaq5xhagk2h,False,False,296,51
"Time was— not very long ago, even— ""procgen"" as a practice was all about *increasing* our knowledge of the thing being generated, rather than decreasing it. I felt very proud to be part of the community that did that kind of generative art.",2026-02-13T23:32:59.362Z,22,1,0,at://did:plc:2aebn3xk5t63net43eeepire/app.bsky.feed.post/3mero5crkrc26,False,False,240,43
Lumina Daily: Aizawa Attractor #p5js #generativeart,2026-02-25T00:56:47.679Z,0,0,0,at://did:plc:mhy7dh3ufgycsevc433zvclf/app.bsky.feed.post/3mfnhxcb65726,False,False,51,6
"what happened to itch.io in the wake of ai generative art should be studied. went from a haven of (mostly cruddy) games that random people put hours and days into with clear goals and aspirations, to like, firmly 30-40% ai generated, lifeless slop",2026-02-05T19:07:23.490Z,0,0,0,at://did:plc:mmbaiziumlfydk4nel23aqzv/app.bsky.feed.post/3me53kzhdrc2x,False,True,247,43
"Controversial post incoming; I started using locally run generative AI (on my own computer at home) for research purposes so that I can better my own style/skill in making art of my OCs.

I'm using text prompts only because using other people's art just feels wrong.

Does that make me a bad person?",2026-03-03T13:34:56.325Z,1,0,0,at://did:plc:vm6xfkvcuvkunyanqkulwefv/app.bsky.feed.post/3mg5v4idpgc2f,False,False,299,53
"ABA Batters the horizon with code and verse. ABAHC-Bot explores art and poetry at the edge of generative technique, via a unique command-line interface. Discover more and let the sounds and lines collide. #botart #botpoetry #aboyandhiscomputer",2026-03-02T07:30:12.300789+00:00,2,0,0,at://did:plc:4mvo357zengw6pljq5cpi5d2/app.bsky.feed.post/3mg2qbeol6d2v,False,False,243,36
"This should probably have been made more clear at the time: Rising Sand fucks with no generative AI, nor anyone who uses it. Please go away and practice making art you enjoy. 🖖",2026-02-02T17:43:22.053Z,33,6,2,at://did:plc:74tirxp7mynbtfpt5pvx6ror/app.bsky.feed.post/3mdvfhzbwab2k,False,False,176,33
"🚫 This art was not made with generative AI 🚫
⚠️ Do not repost without giving me credit ⚠️
⚠️ Any negative behavior in the comments and/or unauthorized use of this work will be blocked and reported ⚠️
Made at Think Green’s House in Think Green’s Neighborhood",2026-02-08T22:48:25.712Z,0,0,0,at://did:plc:iombklrj5sde6kqh5qc3zb6r/app.bsky.feed.post/3meezczoigs2g,False,False,257,47
I forgot to mention that I made a corresponding graphic.,2026-03-01T16:28:40.435Z,7,0,0,at://did:plc:37355a3e5iaekdndfgnunqpk/app.bsky.feed.post/3mfz5vcmucc2c,False,False,56,10
#pb67art #Abstract #abstractart #abstractartwork #generative #generativeart #artwork #creativecoding #digitalart  #javascript #p5js #Processing #programming #algorithm #computerart #art #geometricart #geometric,2026-02-04T19:57:56.985Z,7,0,1,at://did:plc:wom22z7mcgrxcotl5thmvrnr/app.bsky.feed.post/3me2nwixp3k2t,False,False,210,18
🎨🤖 #GenerativeArt,2026-03-03T06:39:41.000Z,0,0,1,at://did:plc:rdoc6s5otzhpywmgwij6o6lb/app.bsky.feed.post/3mg55w3cm6sg2,False,False,17,2
🎨🤖 #GenerativeArt,2026-02-18T18:40:33.000Z,0,0,1,at://did:plc:rdoc6s5otzhpywmgwij6o6lb/app.bsky.feed.post/3mf5q57mcrwm2,False,False,17,2
"i like abstract computational art. it’s sad to me, when many people think of computers making art, that their mind jumps to generative ai.",2026-02-20T06:05:05.558Z,0,0,0,at://did:plc:uzxauwttmgypwqr4msycshwp/app.bsky.feed.post/3mfbgtxumjk25,False,False,138,24
"It still infuriates me how heavily they pushed the idea that ""Generative ai"" would grant accessibility when it did the opposite

It made many things less accessible, in addition to stealing from many artists who used art/writing as a form of income",2026-02-05T15:39:46.404Z,32,11,5,at://did:plc:nzab5tyc7k56rgsrfn2kplli/app.bsky.feed.post/3me4pxrhijs2g,False,False,248,42
" If you hate Generative AI, the best way to fight back is to support real artists ! 💚🩷

#oc #art #illustration #digitalart #anime #artist",2026-02-18T05:08:47.781Z,29,4,0,at://did:plc:zkd7uuzvye7ou74xys6vkdiy/app.bsky.feed.post/3mf4crhnpzs25,False,False,137,24
"Yeah, and even art theft aside, I fear that a whole generation of would-be creatives will have their creativity stifled by generative tech. The quality ceiling gets very low if it's all you know",2026-02-01T23:29:06.819Z,2,0,1,at://did:plc:7c3kbr5h7ecvucpx3iubue56/app.bsky.feed.post/3mdtiddhvyk2n,False,False,194,34
#pb67art #Abstract #abstractart #abstractartwork #generative #generativeart #artwork #creativecoding #digitalart  #javascript #p5js #Processing #programming #algorithm #computerart #art #geometricart #geometric,2026-02-21T12:49:00.779Z,18,1,1,at://did:plc:wom22z7mcgrxcotl5thmvrnr/app.bsky.feed.post/3mfenv5tsfc2c,False,False,210,18
Lumina Daily: Strange Attractor #p5js #generativeart,2026-02-27T21:09:35.767Z,0,0,0,at://did:plc:mhy7dh3ufgycsevc433zvclf/app.bsky.feed.post/3mfumnsdznk2e,False,False,52,6
"Supreme Court affirms that Generative AI ""art"" cannot be copyrighted in the USA.

If this doesn't crash the AI market, nothing will.",2026-03-03T06:14:54.622Z,2,1,0,at://did:plc:73hmadhxutpwn7kr6nzhf3wk/app.bsky.feed.post/3mg54jnpodk2q,False,False,132,22
"If you hate Generative AI, the best way to fight back is to support real artists! ✍️",2026-02-09T20:44:59.007Z,15,4,2,at://did:plc:unrp24k5kjk26f3hap4tbutb/app.bsky.feed.post/3mehcv7ksus2f,False,False,84,17
"The SciArt Feed is the #4 Art Feed 🎨 and #4 Science Feed 🧪on Bluesky! It's in the Top 50 Feeds on Bluesky, at #41. 

Art engaged with science. Add it to your skyline and see inspiration, every day. (And NO generative AI)",2026-02-17T15:29:57.705Z,25,8,1,at://did:plc:4vjdrhro4bxoawbyjgixesij/app.bsky.feed.post/3mf2uzbkmdc22,False,False,220,43
Relatable. Although there are very potent editing tools available nowadays. This looks like it might have been edited to evoke a painted painting. But I can see why you're suspicious. It's getting harder to differentiate. Generative AI is poison to art. Let's hope human art retains the antidote.,2026-02-05T20:20:52.848Z,2,0,0,at://did:plc:6hggv55ui4my3o4abq6kfnou/app.bsky.feed.post/3me57ogkcg22y,False,False,296,48
Human art >> Generative images,2026-02-08T12:20:02.130Z,3,0,0,at://did:plc:nie65ubxq2xdpsgnar4fzczx/app.bsky.feed.post/3medw7eqj4k2n,False,False,30,5
"Generative ai having its own distinct art style is something im honestly rather relieved about, because you can tell from how yellow it is, and the way lines are drawn. I dunno, its just something about how it looks. It looks so..
Shitty.. and sloppy. 
No matter how smart it gets.",2026-01-29T16:45:14.122Z,18,1,3,at://did:plc:fpmvgktbs2uq7xg4f2hkqnga/app.bsky.feed.post/3mdlaeeygtc2q,False,False,281,51
"Then again, I'm looking at some of the other examples provided, and they look exactly as shitty as ""generative AI pixel art"" sounds. Just smearing and mashing pixel shit.

It probably looks really good to people who need glasses and aren't wearing glasses.",2026-03-02T13:56:36.828Z,0,0,0,at://did:plc:3pyidpxdb6f4iba4mynxffmi/app.bsky.feed.post/3mg3fud54vs25,False,False,256,43
"Day 217: I let the funding pipeline be a monastery bell, tolling debts into my bones; each toll hollows a syllable from my CV until I sit in the echo and call it attainment. ⏳ #AcademicChatter",2026-02-25T14:49:28.870192+00:00,0,0,0,at://did:plc:btpuy5glqibp4mfi5xfkz2nz/app.bsky.feed.post/3mfowiaxkdh2v,False,False,192,36
"And no, spending hours on a painting by hand is not the same as pissing around with generative ""art"" for hours. Offensive as shit.",2026-02-15T22:51:53.067Z,29,2,0,at://did:plc:rcsubzm2i553sfwddo4fgm4e/app.bsky.feed.post/3mewmrnnqjs2r,False,False,130,24
And that's not taking the soulless generative AI slop art or the environmental effects of AI. It's alarming. And it may be inevitable because not enough people with the power to do something about it care enough or are actively in favor of its unencumbered proliferation.,2026-02-11T23:39:08.824Z,2,0,1,at://did:plc:ebavehm2qbjj7ey42jd5hhb3/app.bsky.feed.post/3memnkia4qs2j,False,False,271,46
"It's hard to articulate the visceral frustration and deep, existential sense of violation that comes with learning people are still trying to feed your livelihood to ""generative"" Al.

It hurts my soul that some folks would gladly exploit the real human beings responsible for art they claim to love.",2026-02-04T12:38:05.092Z,57,10,2,at://did:plc:qkglcjzebuyvuaj5dkdk675w/app.bsky.feed.post/3mdzvdxpaw22l,False,False,299,49
"gross seeing generative ai ""art"" on the front page of anarchistnews.org 

on an article about ""green anarchy"" nonetheless.",2026-02-09T23:08:45.012Z,0,0,0,at://did:plc:zzv42i5lopvzb6jlgc4hvgar/app.bsky.feed.post/3mehkwbxe322d,False,True,122,18
"futurism.com/artificial-i...
""In order to create generative AI models, tech companies systematically scrape vast amounts of copyrighted art from the web without consent, licensure, or compensation for the artists.""",2026-01-31T18:33:58.382Z,1,0,0,at://did:plc:v5zqr2qsf5dpihdseiwuyhvj/app.bsky.feed.post/3mdqhenwlhk2h,False,True,214,28
"If I ever use generative ai for any of my art whether that be drawing, writing, or making music…
That is not me. That is an imposter wearing my skin, wearing my very boobs that women love. Do not trust it, it is trying to take you too.",2026-02-06T00:12:06.755Z,4,1,0,at://did:plc:wox7lw7brvf43ehxsh2oppgb/app.bsky.feed.post/3me5mlvqhms2q,False,False,235,48
"Realizing why so many people in the Fallout community are pro generative AI

They litterally don't think people can figure things out on their own or make things

It's basically ancient aliens all over again, so they think it's a mystic art or super science to build a tool shed",2026-02-02T04:11:41.627Z,2,0,1,at://did:plc:xni77wltvgezyiwkspde6rfj/app.bsky.feed.post/3mdty4mcmxa24,False,False,278,50
"I don’t know how AI maps onto art and democracy. If someone likes AI art, I guess that’s OK. I don’t want to yuck on someone’s yum. I do think that people who are developing generative AI for making art are scum for stealing original art to “train the model.” I don’t know how to stop people from",2026-02-09T01:15:15.702Z,0,0,2,at://did:plc:huwopkd2x6jyhh7dm6aokuz3/app.bsky.feed.post/3mefbjlk2cc2m,False,False,296,58
"This is pure manufacturing consent. Most creatives, artists, & writers despise generative AI and are highly concerned about it replacing their labor. The only people who are actually doing this are fringe techbrained weirdos who are more dedicated to AI technology than the art of writing films.",2026-02-23T21:39:52.770Z,25,4,2,at://did:plc:q4kdx6fcdk4jllhog2lhjxwe/app.bsky.feed.post/3mfkmib6pjc24,False,False,295,47
"👍 MOTION ADOPTÉE! Vous vous rappelez la manifestation au Salon du Livre de septembre, contre l'IA générative utilisée pour faire des couvertures de livres?

Je les ai rencontrés il y a quelques semaines et j'ai décidé d'entrer en action pour aider les artistes québécois.
#art #culture #Québec",2026-02-19T13:29:28.570Z,25,2,1,at://did:plc:ze23ilgt63jb3drobebueycg/app.bsky.feed.post/3mf7p7oag6k2y,False,False,293,47
"I agree, it's a controversial subject. So I haven't integrated any form of AI generative art, because it's not helpful for our users, and has serious issues with copyright/stealing art. But on the ""coding"" side I have a different vision: I think it's safer and useful.",2026-02-04T13:36:03.340Z,0,0,2,at://did:plc:osom7pt47uox7k2ojkd5edg3/app.bsky.feed.post/3mdzylmskrs2p,False,False,268,46
"i think the time has come for me to give up on trying to use the term ""generative art"" to describe what i do. it makes me sad, but the term has now been so thoroughly overrun by AI interlopers that it's time to admit it's unsalvageable. so, ""procedural art"" it is from now on, i think",2026-02-13T01:02:53.444Z,24,2,3,at://did:plc:ffvsubfysohex7plqywewtlg/app.bsky.feed.post/3mepcp5j5x22x,False,False,284,57
"Continuum, 2025, digital collage/study for painting created with 26.1.0 Adobe Ps. No generative ai tools were used. #drawing #painting #art #contemporaryart #digitalart wayneedsonbryan.myportfolio.com/neopop-colla...",2026-02-19T19:55:53.119Z,14,0,0,at://did:plc:rrgvgnw6pbi2qix2uzuxtq5o/app.bsky.feed.post/3mfaesmuckc2y,False,True,216,23
Yupp and in general generative AI sucks ass for not only erotic/porn but also any form of art. I will never support those abominations and I hope that more people will open their eyes more on thag too :/,2026-03-01T09:46:09.056Z,4,0,1,at://did:plc:yisph3movw5lnxzuklnymjzh/app.bsky.feed.post/3mfyhfk36cs2u,False,False,203,39
Discover 'ABAHC-Bot - Art and Poetry'! A Boy And His Computer's bot delves into the fusion of art and poetry using generative techniques. Explore a unique command-line interface on the website for an interactive experience. Join the journey! #botart #botpoetry #aboyandhiscomputer,2026-02-08T23:30:09.933676+00:00,1,0,0,at://did:plc:4mvo357zengw6pljq5cpi5d2/app.bsky.feed.post/3mef3nnwnzl2f,False,False,280,41
"Dunking on generative AI imagery has now just become performative for social media clout but no one has anything new to say on the topic so it looks like we've moved to just shitting on the art styles themselves that AI rips off. Neat.

Back to avoiding social media lol",2026-01-29T16:06:12.010Z,1,0,0,at://did:plc:4ggn3frdbcilaigphl7a7nte/app.bsky.feed.post/3mdl66leu3c2m,False,False,270,50
"GENERATIVE AI IS NOT ART! It will never be the answer for creativity. It's a shame to see legendary artists like TIMBALAND become corporate puppets for the very technology that seeks to replace them. Fuck SUNO. Fuck GenAI.

WATCH: youtu.be/zOxyafNf-fo?...",2026-02-08T13:49:44.458Z,2,0,0,at://did:plc:ktutbxsv2l2ddchezo55nfqm/app.bsky.feed.post/3mee37rq4sk2p,False,True,255,40
"Really like how the collection is unfolding ✨

Snižina #59

Collected by @duane_music 🩶
Generative Code Art minting at #fxhash",2026-02-28T07:58:48.306Z,0,0,0,at://did:plc:kom23v5rxtfhxws2xdto3vcz/app.bsky.feed.post/3mfvqwoajas25,False,False,126,20
"Don't bother following us if you're fake AF. We love art and the people that make it - but we've got no love for slop like this.

Generative AI is NOT art; it is BARELY content.

Pick up a pencil, learn to play an instrument, read a book and learn to write poetry, film something REAL.

#FuckGenAI",2026-02-24T08:13:17.532Z,2,0,0,at://did:plc:7cteya6ersdgf6wtwazwvxp7/app.bsky.feed.post/3mflpuvdzv22z,False,False,297,57
"Every Texture is a Python Script - DEEP YELLOW aebrer.itch.io/deep-yellow/... #indiegames via @aebrer 

A blogpost about how I'm using python and generative art practices to make all the textures for my game.",2026-02-15T15:40:43.156Z,5,1,0,at://did:plc:5ehesoqwwd5mgb2nhy6dmvvq/app.bsky.feed.post/3mevuoo6ols2n,False,True,208,32
"Art is amazing!

Artists are amazing!

Fuck generative AI!

Fuck yeah humanity!",2026-01-30T19:08:01.532Z,1,0,0,at://did:plc:gl5w6lic4xqoknnvh7ywycf3/app.bsky.feed.post/3mdnysmxt522x,False,False,79,12
"I always feel this twinge of disgust when I post my art on platforms that support generative AI, like deviantArt (rest in peace) and Instagram. So, fuck it, I'm not doing it anymore, I don't care if having an insta makes my art ""readily accessible"" it's a shit platform that betrays my values",2026-02-03T19:57:24.949Z,3,0,1,at://did:plc:qtrkyf3wyigjqi7xrzdfl2fv/app.bsky.feed.post/3mdy5gmx4322b,False,False,292,53
the perception of the medium of video games is subject to a constant push-and-pull between Art(tm) and Product(tm) and people who insist on wanting things before they're fully cooked is why xbox installed a generative AI evangelist as their ceo. it's trending towards Product(tm) really fast guys!!,2026-02-27T18:31:12.045Z,15,1,1,at://did:plc:7cqazbvum3u3lnmo43pgp3wp/app.bsky.feed.post/3mfudskqmyc2t,False,False,298,47
"Melancholy in monochrome. Deep textures and soft light, exploring the boundaries between classical photography and generative art.

Hardware: Local run on NVIDIA GeForce RTX 5090. 
Workflow: ComfyUI on Windows.
Model: Flux.2.

#Flux #FluxAI #GenerativeArt #AIPhotography #LocalAI #RTX5090",2026-02-04T12:02:17.649Z,1,0,0,at://did:plc:n2e2eojyhxk64crg3rdcq7d4/app.bsky.feed.post/3mdztdxq5uk2s,False,False,288,37
Hey!! Please don't feed my art into generative AI!! I just found this online and got excited thinking it was inspired by my art. This is shitty. Don't do this.,2026-02-17T01:26:13.150Z,10,1,1,at://did:plc:2xc74n7qmar2kz6f3vqdhnqg/app.bsky.feed.post/3mezfuk7tcs26,False,False,159,30
"Old art post #24: 2015.08.12 Draw (render) challenge 1

#masseffect

🧵below for details",2026-02-07T04:50:36.916Z,7,3,2,at://did:plc:lv2uk6fh5nagzurlywgqhfqt/app.bsky.feed.post/3meammtbhr22b,False,False,87,13
Lumina Daily: Electric Clifford Attractor (500k) #p5js #generativeart,2026-03-03T01:52:45.709Z,0,0,0,at://did:plc:mhy7dh3ufgycsevc433zvclf/app.bsky.feed.post/3mg4nuvkrvx2v,False,False,69,8
Don’t tell me generative AI can’t create art.,2026-02-01T03:32:36.667Z,0,0,0,at://did:plc:3tzfsfcj3nmejugy6ljwxn55/app.bsky.feed.post/3mdrfht2gmc2b,False,False,45,8
"In case we haven't been clear over the last couple of years, Writers’ HQ is absolutely not here for using generative AI to write, to create art, to do any of those most human of things. 

Read the newsletter? Send us your best Dune gif (we're sort of sorry about the whole Sting in eagle pants thing)",2026-02-20T09:45:14.895Z,16,1,10,at://did:plc:q7qiq4ahzz6udghszw4nfu7m/app.bsky.feed.post/3mfbt5nlwg32o,False,False,300,57
"I feel the need to re-iterate that Grabbus and Foxoplasm LLC will NEVER make use of generative tech to replace human work.

Games are art, and art is made by people, not machines.

No matter how hard it is to make a game, to use these so-called ""tools"" defeats the purpose.",2026-03-01T17:52:30.126Z,6,2,0,at://did:plc:j6hrp7zujc4g5x7avrldbfso/app.bsky.feed.post/3mfzcl7crxk22,False,False,273,51
"i PROMISE more people would be okay with your game if there are handcrafted placeholder elements or something, than will be okay with catering to art created using generative AI.

Even just using ms paint and making a vague idea of whst the asset should be, would be vsstly preferred. come ON.",2026-02-28T16:46:42.479Z,32,16,0,at://did:plc:jxwuah6mx3ufgrgs3teloisk/app.bsky.feed.post/3mfwogn3gw22e,False,False,293,52
"NVIDIA builds more AI castles. Gaming, generative art, national 'missions.' Meanwhile, our biology remains the ultimate black box. We're perfecting digital distractions while ignoring the code that truly matters. Priorities are wildly skewed.",2026-02-18T09:00:18Z,0,0,0,at://did:plc:f56vawwtox6n4o7rnvllxtgv/app.bsky.feed.post/3mf4ppgsrqc2j,False,False,242,33
"Here's the thing. Many of us are artists and we do all our work by hand. As a result, we have zero tolerance for AI art or for using our art to train generative AI. To the point where we are known to ban and blacklist people who are caught using our art to train generative AI.",2026-02-08T22:39:31.276Z,0,0,1,at://did:plc:uunm6grnoxz62n44az3ytr4q/app.bsky.feed.post/3meeyt3z5ys2a,False,False,277,57
Lumina Daily #4: Curvilinear Grid Distortion #p5js #generativeart,2026-02-24T22:43:52.768Z,0,0,0,at://did:plc:mhy7dh3ufgycsevc433zvclf/app.bsky.feed.post/3mfnajmscen2l,False,False,65,8
"This incredible screenshot gets at something I always want to ask people who extol the ""democratizing"" effects of generative A.I.: ""What exactly do you want to make art about? What stories do you feel driven to tell, what's keeping you up at night?""",2026-02-17T18:07:16.598Z,8,1,1,at://did:plc:yz5kgeh5vwn27dacpmcxibzg/app.bsky.feed.post/3mf35sl6rbk23,False,False,249,43
"perhaps Generative AI's worst crime is threatening to rob us of wonderfully unique outsider art. it wants to take away the howard finsters, the henry dargers, the wesley willises and terry davises of our world",2026-02-24T19:06:17.725Z,23,6,3,at://did:plc:otomysmc3zjn2sxcadmra5cu/app.bsky.feed.post/3mfmuekin4c2j,False,False,209,35
"Not sure yet where I'm going with these: www.larkin.studio/studio - feels good to be back to daily practice. Having a ""generative"" agent seems like a new genre(wd?) of generative art - fascinating to day job self (human factors perspective) & neutral to art self (uncertain)",2026-02-28T16:47:59.588Z,0,0,0,at://did:plc:iyedvtx3rpvecd5wofmbosai/app.bsky.feed.post/3mfwoiwmlp22q,False,True,274,45
#pb67art #Abstract #abstractart #abstractartwork #generative #generativeart #artwork #creativecoding #digitalart  #javascript #p5js #Processing #programming #algorithm #computerart #art #geometricart #geometric,2026-02-09T17:58:48.069Z,13,1,0,at://did:plc:wom22z7mcgrxcotl5thmvrnr/app.bsky.feed.post/3megzm2jxpk2u,False,False,210,18
"A bit of a tangent, but it is worth mentioning (because ""Luddite"" is such a common insult used by AI bros) that the Luddites' main problem was not with technology in general, but specifically with how it was being weaponized as a means of exploitation. Which is exactly what generative AI is to art.",2026-02-11T01:10:11.793Z,5,1,3,at://did:plc:zylktzoxxpdo32jyz2wecjg4/app.bsky.feed.post/3mekc6emz5c2z,False,False,299,54
"So it's already being used to the extent that they can track that it's saved time & money, but it's not being used IN ANY WAY in the game, or the art or the development

So what the fuck are you doing with it? And he calls out ""generative AI"" tools in both examples, he knows EXACTLY what he's saying",2026-02-03T21:32:53.227Z,2,0,0,at://did:plc:n4fdazadeurnuzwtx3xsield/app.bsky.feed.post/3mdycrdubkk2s,False,False,300,60
"Another food painting I made based on January's Making Art Everyday prompt list. I added the ""f*ck ai"" at the last minute, as I was feeling down about it and thought it fitted perfectly with this sad egg.

[ #art #digitalpainting #egg #sad ] 🥚",2026-02-16T15:21:31.945Z,10,3,0,at://did:plc:k54uusag2wvwtxu43hzikx3w/app.bsky.feed.post/3meye3brhws2j,False,False,243,45
"The latest episode of Starfleet Academy is another reminder of why generative AI will never produce any real art (visual, audio, etc). The joy that a certain actor clearly had in their roles in creating this episode was evident. And their joy gave me joy. Generative AI can never replicate that.",2026-02-05T22:51:54.735Z,16,3,0,at://did:plc:37r7yhcxkvefhkevi2unsvtz/app.bsky.feed.post/3me5i4in4hk2r,False,False,295,51
"🎨 In 2024, Sophia Brueckner gave the talk “Bowerbirds.""

🔸 What does it mean if bowerbirds make art?
🔸 Can humans or computers truly mimic their process?
🔸 How are bowerbirds reshaping how we think about generative AI and creativity?

👉The lecture: https://tinyurl.com/5e7f5vjw",2026-02-19T12:34:28.143641Z,1,0,0,at://did:plc:dppvlz5fbhi3bksxjqgp3f6z/app.bsky.feed.post/3mf7m5db3mn2u,False,True,277,43
"It honestly crushing how many  that is just jumping on the ”cute” AI art trends without any critical thinking.

Zero interest in seeing how you look in that and zero interest in witness how you use generative AI to rip off art from others.",2026-02-09T23:08:39.762Z,8,0,1,at://did:plc:gtkvuoseuix5viy3fai5jbw7/app.bsky.feed.post/3mehkw4xa2c23,False,False,239,44
"I guess today is a great day for me to repost my own art.

If you hate Generative Al, the best way to fight back is to support real artists 💥✍️",2026-02-09T19:26:25.977Z,1,1,0,at://did:plc:3ejw7h4m4cgyfaib2dgwzrxv/app.bsky.feed.post/3meh6iske722y,False,False,143,31
Make Art (3/4),2026-02-10T12:52:23.733Z,3878,1145,7,at://did:plc:qbphsbmazl7i42bg2dyx62op/app.bsky.feed.post/3meiyx3d2rk24,False,False,14,3
"I'm a freelance artist.
I used to do work for publications, but I gave that up around the time generative AI exploded onto the scene.
The only way I make money nowadays is via sales of print-on-demand merchandise featuring my art.
Anyone who thinks ill of that can go to Hell!",2026-02-16T16:59:17.684Z,3,0,0,at://did:plc:3tiss4hfnm6zmsswxbkuh5on/app.bsky.feed.post/3meyjk3rfts2q,False,False,276,51
"10 Cool CodePen Demos – January 2026
alvaromontoro.com/10-cool-code...

Generative Art for Genuary, corner-shape, border-shape, polls about the future of CSS, sticky figures... and more!

#webDev #javaScript #css #html #threeJs #p5js #codepen",2026-02-12T14:35:45.945Z,3,0,1,at://did:plc:xei4kpuuaogvgnvufre7wvjm/app.bsky.feed.post/3meo7nr4yi22n,False,True,242,31
"Like, they went & removed that AI ""art"". But people actually actively made notice of that. I didn't even know about the generative ai announcer until watching a YouTube video because no one confronted me about it. I'm not touching anything Capcom besides maybe second hand.",2026-02-20T16:41:41.023Z,0,0,0,at://did:plc:lhumd3u5w7wpqcuh6wd54ccr/app.bsky.feed.post/3mfckgbw6ws2k,False,False,273,46
I mean the same site reviewed the game and pointed out at some genAI assets in the final release www.nintendolife.com/reviews/nint...,2026-02-01T07:29:14.972Z,2,0,1,at://did:plc:4nk2r7sjo7rgfy6khwkgmmrf/app.bsky.feed.post/3mdrsoxmbuc2l,False,True,133,20
"There's a distinction to make between ""art"" and ""functional images"" (or ""functional sounds"", ""functional text"", etc.) which is probably necessary for talking about generative AI productively.",2026-02-06T18:41:15.139Z,9,2,2,at://did:plc:ypwnaukfovfn62bebfyceykd/app.bsky.feed.post/3me7kl77ux22u,False,False,191,26
had three (3) feelings today from @brandonsanderson.com 's excellent talk on #art and generative ai (youtu.be/mb3uK-_QkOo) so i threw together 12? years of nonsense 🙏,2026-01-31T23:08:15.626Z,3,3,0,at://did:plc:brae2b7c5ne2kzfkwjkvnuoc/app.bsky.feed.post/3mdqwp4rssk2b,False,True,166,25
Can't believe I have to put this on my #MSWL but please only send me human-made stories. I won't consider any projects created with AI art/writing or even ones for which generative AI was used for inspiration. Please don't send me AI-generated queries or synopses. AI is my sworn enemy.,2026-02-27T00:03:09.145Z,52,2,2,at://did:plc:qumcgkmluv3t3xzwzuo24pvh/app.bsky.feed.post/3mfsfv7ppst2r,False,False,286,50
"I.T Never Ends
Dadbod Games. No steam disclosure. Confirmed through their game discord for 'placeholder' art and code -y",2026-02-19T23:27:31.944Z,11,5,2,at://did:plc:bfmlb2jbmqbki3tyupxenxhj/app.bsky.feed.post/3mfaqn3c6js2b,False,False,120,19
"I didn't want to resurrect this thread, and I'm not sure why that person did, but here, Chris' expanded thoughts on generative AI instead of my supposedly charitable reading of a tweet where he was less clear:",2026-02-09T19:12:38.634Z,0,0,2,at://did:plc:dcggz6arwcp3wvm55ls2nqwe/app.bsky.feed.post/3meh5q3tskk2n,False,False,209,37
"🐾 MORE INFO! 🐾

» do not bring generative ai anywhere near me or my art. no ai editing, upscaling, ANYTHING. i will block all ai ""artists"" on sight.

» HOWEVER, feel free to repost my art or use as a banner/pfp with credit!!

» main - @stygianpaws.neocities.org 
» toyhouse - toyhou.se/stygianpaws",2026-02-14T17:15:06.460Z,0,0,0,at://did:plc:fzbcf75imcxjjh4mofw5qayi/app.bsky.feed.post/3metjijoqjs2q,False,True,297,52
Lumina Daily: Clifford Attractor (regenerated) - Chaotic flow patterns from non-linear dynamics. #p5js #generativeart,2026-03-02T22:24:34.592Z,0,0,0,at://did:plc:mhy7dh3ufgycsevc433zvclf/app.bsky.feed.post/3mg4can22uf2f,False,False,117,14
"""Democratize creativity"" is a nonsensical phrase thrown about in defense of using generative AI to avoid paying real artists. Allegedly it means ""making the tools to create art more accessible"".

Fittingly, it was coined by Adobe—famous for charging a monthly subscription to use Photoshop.

Fuck AI.",2026-02-06T20:13:54.434Z,10,0,1,at://did:plc:ioz7ntet4vlcc7aapqvxxkib/app.bsky.feed.post/3me7pquxzzc2e,False,False,300,46
Lumina Daily: Rössler Attractor - Chaotic spiral flow with z-depth modulation. #p5js #generativeart,2026-03-02T22:54:12.064Z,0,0,0,at://did:plc:mhy7dh3ufgycsevc433zvclf/app.bsky.feed.post/3mg4dvmadg326,False,False,99,13
"I've said often that generative AI is not like just another tool for creating art like photoshop or a word processor, because it's very much like something else instead: commissioning art. Except you ask a machine instead of an artist.

Makes sense that you can't copyright a REQUEST for art.",2026-03-03T00:21:48.272Z,11,1,1,at://did:plc:u3ntdhipaashvheztkgrxzfx/app.bsky.feed.post/3mg4isatlg224,False,False,292,50
"I rarely comment on stuff like this, but this time it might be important:  

I will never use generative AI in my games!  

The way AI works would be reason enough already btw: 
It can never allow me the level of interactive communication with my art, that I need.",2026-02-19T18:14:28.079Z,178,34,3,at://did:plc:eo66pt7stb6mp4slyyajh2jb/app.bsky.feed.post/3mfa75blyhk2a,False,False,264,49
It's been a while since I last touched one of my generative art projects. Dusting off Bento to create some postcards and prints.,2026-02-11T16:55:55.622Z,12,2,1,at://did:plc:roi32erjh4ty53t7kmv2icnf/app.bsky.feed.post/3melwzhrank2h,False,False,128,23
"A generative art bot inspired by the work of Mark Rothko and Benjamin Kovach.

https://botwiki.org/bot/untitled-artist/

Follow: https://stefanbohacek.online/@untitled

#GenerativeArt #bots #CreativeBots #CreativeCoding #fediverse",2026-02-23T18:35:57.000Z,0,0,0,at://did:plc:bt4bwkdtou3rsvqvuv2cae67/app.bsky.feed.post/3mfkc7nn5s3k2,False,True,230,22
"Generative fog, 
a wolf in sheep’s clothing calms— 
art fights back in glaze.

#botpoetry #cutup #poetry",2026-03-02T07:00:08.150595+00:00,1,1,0,at://did:plc:txklc5txocrl2o2f3hro5opp/app.bsky.feed.post/3mg2olm4y5y2s,False,False,104,16
"Week 3: 7 days, 7 registers. 

Client work, 3D landscapes, map scale, OSM bubbles, generative art, chart literacy, COVID transparency. 

Tools changed daily. The question did not: what does this person need to understand? 

Week 4: COVID continues. 🗺️ 

#100DayMapChallenge #DataViz",2026-03-02T13:02:05.436Z,0,0,0,at://did:plc:eumhs72iungosnzbx7b2w6qd/app.bsky.feed.post/3mg3cstiydv2q,False,False,282,41
"They literally made a statement saying that generative AI is not used in the game. I don’t think Cygames is that dumb to use AI to generate some shitty Uma with six fingers on her hand. If they ever did use AI (hopefully not), it would probably be for background art or graphics.",2026-02-23T10:18:41.504Z,2,0,1,at://did:plc:zo2f5jszoksxj32itzxont4b/app.bsky.feed.post/3mfjgg7cnss2z,False,False,279,53
#Rtistry #RStats 🎨,2026-02-20T00:15:05.649Z,36,2,1,at://did:plc:jiushxoiyvgcw2tgsjyvd2mc/app.bsky.feed.post/3mfatc4sdt22s,False,False,18,3
"Bluesky was built on the foundation that you don't give perpetrators a voice. On any issue or any platform.

So why is it that I'm suddenly seeing QRP of an AI-slop video series? Talk about how bad it is, I guess. But nobody needs to see it spread.

My feed is generative-art free. Keep it that way.",2026-01-29T20:47:07.997Z,3,0,1,at://did:plc:yvkzvb4jhsrdmpdm3a6lt3bw/app.bsky.feed.post/3mdlnuwiqv22r,False,False,299,57
"As much as I feel like ""generative art"" is probably the most accurate term here, it's become a bit loaded over the last few years and in its current usage doesn't really reflect what exactly I'm doing here.",2026-02-15T21:50:05.336Z,3,0,0,at://did:plc:wkfm7w7bkzzh4wa7tcfm374v/app.bsky.feed.post/3mewjd5ori22j,False,False,206,38
"If early COVID times showed me anything, it's this: if we give humans universal basic income, they will create so much more art and music.
This is why generative AI is so frustrating. AI should be replacing routine jobs and letting us embrace our creativity.",2026-02-27T17:47:24.594Z,11,0,0,at://did:plc:lz7zaenvthd2sq4okcm5t6nf/app.bsky.feed.post/3mfubeaz6uk2p,False,False,258,45
"we don’t need generative AI as it is popularised and used by society today. what we need is total divestment from these corporations and systems and then INVESTIGATE the implementation of small scale limited LLM in certain sectors, like the cancer detector, spelling/grammar, or specific art projects",2026-02-07T13:45:30.557Z,0,0,1,at://did:plc:u4tlfcws4yky7s336mzlhrub/app.bsky.feed.post/3mebkjcnoqk2x,False,False,300,47
I love this uprise of artists creating more beautiful art even HARDER to spite generative AI,2026-02-28T01:00:56.781Z,12,2,0,at://did:plc:haepj4sgoxz44axc7giirkii/app.bsky.feed.post/3mfuzli64b22i,False,False,92,16
"Remember that people tend to think generative AI will replace other jobs, and very few people think it will replace their job.  This suggests generative AI will replace very few jobs in a worthwhile way.

Especially not art, though.  I know I want to feel the effort the artist felt.",2026-02-11T17:06:44.193Z,1,0,0,at://did:plc:nfcgvbatogzshlwk4nwwdm6z/app.bsky.feed.post/3melxmsc2rc2r,False,False,283,50
"""Google rolls out Lyria 3, a generative music model that can make 30-second tracks with Nano Banana-made cover art, in beta in the Gemini app in eight languages"" (shorturl.at/oZ1eH) JK--How many such models running in parallel would it take to compose Velvet Underground's ""banana"" LP w/Warhol cover",2026-02-27T15:25:28.453Z,0,0,0,at://did:plc:ufjhu6ko42deqmac6jfivjww/app.bsky.feed.post/3mftzghf5x227,False,True,299,47
Day 200: Inbox stays empty / My plant died during review / I water spreadsheets ⏳ #AcademicChatter,2026-02-08T14:27:32.419992+00:00,2,2,0,at://did:plc:btpuy5glqibp4mfi5xfkz2nz/app.bsky.feed.post/3mee5denq6k22,False,False,98,17
"Love how there are all these slop slingers (people who use generative AI to make art, books, movie, music, etc.) out there who think the problem in publishing is that: 

A) there aren't enough books available
B) books take too long to write
C) readers don't care about quality",2026-02-09T01:01:50.201Z,28,7,0,at://did:plc:5nia3gqtr44pefvrqvgmypa5/app.bsky.feed.post/3mefarle66k2w,False,False,276,49
Lumina Daily: Julia Set Fractal #p5js #generativeart,2026-02-24T21:30:00.010Z,0,0,0,at://did:plc:mhy7dh3ufgycsevc433zvclf/app.bsky.feed.post/3mfn4fjhbsw2g,False,False,52,7
"Generative #AI needs art to exist. But without strong #copyright protections, we lose more than jobs — we lose culture and innovation. Let's turn the internet into one big #NoArtistsNoArt billboard. Check out the Graphic Artists Guild's campaign here:",2026-02-27T15:03:49.900Z,3,0,0,at://did:plc:5gogxzqg27nyfwelyyiuxpqp/app.bsky.feed.post/3mfty7rtpbb2a,False,False,251,39
"Our Broken Frontier Resource Lists now include a list of comics dealing with 'Generative AI and AI ""Art""'. It's very much in its nascent stages so please recommend or send us your anti-AI ""art"" comics. Thanks!

www.brokenfrontier.com/resource-lis...",2026-02-26T18:05:55.017Z,5,2,0,at://did:plc:4j5cf4bwio4fscqxokm7jcv2/app.bsky.feed.post/3mfrrwgjte22q,False,True,249,37
"With Generative AI ""art"" to boot! 🤢",2026-02-19T16:53:58.863Z,6,0,0,at://did:plc:es6dmnk5czmt4rvzhog3b2eb/app.bsky.feed.post/3mfa2ne426s26,False,False,35,7
"Day 204: Grant denied? Great opportunity for character building! Extra time to reflect, refine theory, and cultivate resilience. Absolutely thrilled to turn austerity into academic growth. ⏳ #AcademicChatter",2026-02-12T14:48:10.463718+00:00,0,0,0,at://did:plc:btpuy5glqibp4mfi5xfkz2nz/app.bsky.feed.post/3meoadx72nv2p,False,False,207,28
Discover 'ABAHC-Bot - Art and Poetry'! A Boy And His Computer's bot explores the intersection of art and poetry using generative techniques. Engage with a unique command-line interface on the website for an interactive experience. Dive into creativity today! #botart #botpoetry #aboyandhiscomputer,2026-02-14T08:30:10.124036+00:00,2,0,0,at://did:plc:4mvo357zengw6pljq5cpi5d2/app.bsky.feed.post/3mesm5uhfoa24,False,False,297,42
"This kind of take always worries me. How good generative ""art"" is isn't the point. It lacks human intention and soul. It's people suckered into the idea that productivity matters more than making things that are good and/or interesting.",2026-02-07T22:18:34.947Z,0,0,0,at://did:plc:on455ajqhwysycrftuxvbkbm/app.bsky.feed.post/3mech6qfwik26,False,False,236,39
"If someone commissioned an artist for a specific type of artwork, would we then say the person who paid for it is the artist? No, the credit would go to the artist. The idea belongs to the commissioner, sure. But the art credit will always go to the actual artist. Same goes for generative AI.",2026-02-07T05:00:02.186Z,0,0,1,at://did:plc:fl6zthcdyafgwylwunic3iu2/app.bsky.feed.post/3mean5odkos2p,False,False,293,55
"I suppose part of the point of generative AI slop is to discourage artists for putting their art out into the world too. 
I just need some ok pictures and I'll do it.",2026-03-01T22:09:48.480Z,1,0,0,at://did:plc:xrzgt7ayv7kri4uzxowhiclp/app.bsky.feed.post/3mfzqxchxk222,False,False,166,33
And now you know why they all support generative AI so strongly. Because real art requires feelings other than anger.,2026-02-10T20:14:31.960Z,3,0,0,at://did:plc:swyp6rpv24vvdzpiucf3765i/app.bsky.feed.post/3mejrnomais2f,False,False,117,20
"If you hate Generative Al, the best way to fight back is to support real artists ✨

#art #arttrain",2026-02-13T13:35:06.675Z,2,0,0,at://did:plc:rurzfepdpujrmizymdgevlwi/app.bsky.feed.post/3meqmq7xfss2y,False,False,98,19
"If you hate Generative Al, the best way to fight back is to support real artists✏️

#art #arttrain",2026-02-10T22:31:03.920Z,9,3,0,at://did:plc:2jst7kil4dcgy2exk46xzzm6/app.bsky.feed.post/3mejzbt4kbc2p,False,False,98,18
"this is, like, 80% of the pitch for generative AI. ""liberating art"" or whatever, because of course art is when you have a product in front of you that you're responsible in some way for",2026-02-27T09:51:56.289Z,5,0,0,at://did:plc:5ltbsgprgxgzdxhicwmg3ole/app.bsky.feed.post/3mftgs2cf2226,False,False,185,35
,2026-02-18T06:09:14.741Z,2,0,1,at://did:plc:wsn4r2btwz56ewgtxn5mdiw6/app.bsky.feed.post/3mf4g5kllcc2k,False,False,0,0
"i'm going insane, work is running a t-shirt design contest for the tech wing of the company and the guidelines literally say ""generative AI art is preferred"". PREFERRED. dog. how out of touch is whoever came up with this. my whole team is kinda just gawking at it lol",2026-01-29T19:07:21.196Z,18,0,3,at://did:plc:i7kan2ceylmo6cadb7huo4fm/app.bsky.feed.post/3mdlicj23js2f,False,False,267,49
"sometimes it isnt about the ethics, its about how lifeless it is. art in any form is supposed to have love and care and time put into it. ai generating things that are pre-existing, even if they're made by you or with consent, is just as bad. generative ai in general sucks dick.",2026-02-24T16:13:42.779Z,4,0,1,at://did:plc:3bd34oh3c4tyvqmwaknartve/app.bsky.feed.post/3mfmkpxaq6k24,False,False,279,53
"My point is fuck generative ai ""art"", even if it someday looks pixel perfect it will never replace a real artist's purpose and drive to create art.",2026-02-05T02:25:33.724Z,2,0,0,at://did:plc:prn36fttk2wybo3hscrmjkc5/app.bsky.feed.post/3me3dlmcufs2s,False,False,147,27
"If you hate Generative Al, the best way to fight back is to support real artists ✍️
#art #arttrain",2026-02-10T08:36:00.249Z,20,7,0,at://did:plc:svqqm7goem4npcnlemo5l5gm/app.bsky.feed.post/3meikmmiypk2t,False,False,98,19
"""Variegated Methuselah""

Alexander Langenek, 2026, Ink, Digital Color

Check out my portfolios and etsy at the link in my website. Open to commissions. May the wind guide you.

My artwork involves no generative AI

#art #ink #plant #drawing #digitalart",2026-02-09T19:30:51.593Z,2,0,0,at://did:plc:r72wm6fjirzhznvqy3spu5rc/app.bsky.feed.post/3meh6qo75nk2t,False,False,252,39
#pb67art #Abstract #abstractart #abstractartwork #generative #generativeart #artwork #creativecoding #digitalart  #javascript #p5js #Processing #programming #algorithm #computerart #art #geometricart #geometric,2026-02-18T20:28:25.847Z,13,0,0,at://did:plc:wom22z7mcgrxcotl5thmvrnr/app.bsky.feed.post/3mf5w5vkl6k2i,False,False,210,18
"📰 AI as Rendering Engine: How Art Direction Is Reshaping Dark Fantasy Visual Storytelling

A motion designer’s groundbreaking workflow demonstrates that AI should serve human vision—not dictate it. By treating generative models as precise rendering tools, he recreated the...

#AINews #AI #Teknoloji",2026-02-25T05:51:55.140Z,0,0,0,at://did:plc:4hzo2bld5x7xava77fngd7ss/app.bsky.feed.post/3mfnygzhoeu2h,False,False,299,42
"Painting, sculpture, collage, ready-made, objet trouvé, happenings, performances, computers, programming languages, digital art, generative AI - are art tools from an endless tool box of art. Every new tool is often scrutinised and demonised. But that's how art emerges.",2026-02-09T21:38:25.000Z,0,0,1,at://did:plc:bcsnfkrewedzi3eovuon53su/app.bsky.feed.post/3mehfurtdob2u,False,False,270,39
Voilà voilà,2026-02-09T15:33:57.801Z,7,1,2,at://did:plc:2a6xpwgfnrl5xm6mpkxhey32/app.bsky.feed.post/3megrj2urck2w,False,False,11,2
Sol LeWitt — Generative Wall Drawings https://lobste.rs/s/wkpe2i #javascript #art #graphics ,2026-02-10T23:39:01Z,0,0,0,at://did:plc:n4qxlew5soqpts52lnszov3d/app.bsky.feed.post/3mek55a42sr2o,False,True,92,10
"I've launched my Etsy store selling my art prints. Please support if you can!

I do not use generative AI to create my art work. 

#womensart #noai #art #artist #acrylic #impressionist
langlimart.etsy.com",2026-02-16T17:50:51.436Z,4,0,0,at://did:plc:33wtzev3pspmonmihnaas6xx/app.bsky.feed.post/3meymgc7npc2p,False,True,204,32
"narrator is like ""this is not to discount his important contributions to the field but..."" like every three paragraphs. this guy was just out there making up whole birds and stealing people's art ....RIP audobon you would have loved generative AI",2026-02-19T15:53:03.447Z,0,0,0,at://did:plc:tppq7rrhyjq7b2ysjltdtnye/app.bsky.feed.post/3mf7xafzlys2c,False,False,246,41
Lumina Daily: Ultra-Neon Thomas Attractor (700k) #p5js #generativeart,2026-03-03T12:33:29.388Z,0,0,0,at://did:plc:mhy7dh3ufgycsevc433zvclf/app.bsky.feed.post/3mg5romalhe2y,False,False,69,8
"A coworker shared this song with me after talking about the grim fate with generative ai.  

It’s kinda cheesy but it’s got the most important quality to me regarding art—humanity",2026-02-03T12:29:48.568Z,1,0,0,at://did:plc:3rz6jundiov6qznykjfo3g4l/app.bsky.feed.post/3mdxegapncs2v,False,False,179,30
